-- phpMyAdmin SQL Dump
-- version 4.9.7
-- https://www.phpmyadmin.net/
--
-- Host: db5001234067.hosting-data.io
-- Erstellungszeit: 22. Dez 2020 um 02:06
-- Server-Version: 5.7.30-log
-- PHP-Version: 7.0.33-0+deb9u10

SET SQL_MODE = "NO_AUTO_VALUE_ON_ZERO";
SET AUTOCOMMIT = 0;
START TRANSACTION;
SET time_zone = "+00:00";


/*!40101 SET @OLD_CHARACTER_SET_CLIENT=@@CHARACTER_SET_CLIENT */;
/*!40101 SET @OLD_CHARACTER_SET_RESULTS=@@CHARACTER_SET_RESULTS */;
/*!40101 SET @OLD_COLLATION_CONNECTION=@@COLLATION_CONNECTION */;
/*!40101 SET NAMES utf8mb4 */;

--
-- Datenbank: `dbs1055842`
--

-- --------------------------------------------------------

--
-- Tabellenstruktur für Tabelle `4movies1word_movies`
--

CREATE TABLE `4movies1word_movies` (
  `id` int(11) NOT NULL,
  `title` text NOT NULL,
  `thumbnail1` text NOT NULL,
  `thumbnail2` text NOT NULL,
  `thumbnail3` text NOT NULL,
  `thumbnail4` text NOT NULL,
  `status` enum('good','bad','new','trash') NOT NULL,
  `letterboxd` text NOT NULL,
  `user_id` int(11) DEFAULT NULL
) ENGINE=InnoDB DEFAULT CHARSET=utf8;

--
-- Daten für Tabelle `4movies1word_movies`
--

INSERT INTO `4movies1word_movies` (`id`, `title`, `thumbnail1`, `thumbnail2`, `thumbnail3`, `thumbnail4`, `status`, `letterboxd`, `user_id`) VALUES
(3, 'Parasite', 'https://cdn.moviestillsdb.com/i/160x/pshnbywi/parasite-sm.jpg', 'https://cdn.moviestillsdb.com/i/160x/nqk0lw7a/parasite-sm.jpg', 'https://cdn.moviestillsdb.com/i/160x/ohdrlpmy/parasite-sm.jpg', 'https://cdn.moviestillsdb.com/i/160x/1j1tjubl/parasite-sm.jpg', 'good', '/film/parasite-2019/', NULL),
(5, 'Inception', 'https://cdn.moviestillsdb.com/i/160x/f9eibqki/inception-sm.jpg', 'https://cdn.moviestillsdb.com/i/160x/dhrs2abe/inception-sm.jpg', 'https://cdn.moviestillsdb.com/i/160x/wx78ibud/inception-sm.jpg', 'https://cdn.moviestillsdb.com/i/160x/oke9sahm/inception-sm.jpg', 'good', '/film/inception/', NULL),
(6, 'Se7en', 'https://cdn.moviestillsdb.com/i/160x/49kgc1pm/se7en-sm.jpg', 'https://cdn.moviestillsdb.com/i/160x/irbh6tmq/se7en-sm.jpg', 'https://cdn.moviestillsdb.com/i/160x/apq7kto6/se7en-sm.jpg', 'https://cdn.moviestillsdb.com/i/160x/wprf6oye/se7en-sm.jpg', 'good', '/film/se7en/', NULL),
(11, 'The Dark Knight', 'https://cdn.moviestillsdb.com/i/160x/pxwr2cjs/the-dark-knight-sm.jpg', 'https://cdn.moviestillsdb.com/i/160x/pxwr2cjs/the-dark-knight-sm.jpg', 'https://cdn.moviestillsdb.com/i/160x/96inesyo/the-dark-knight-sm.jpg', 'https://cdn.moviestillsdb.com/i/160x/7zl5hnds/the-dark-knight-sm.jpg', 'good', '/film/the-dark-knight/', NULL),
(15, 'Pulp Fiction', 'https://cdn.moviestillsdb.com/i/160x/dmzwp1hz/pulp-fiction-sm.jpg', 'https://cdn.moviestillsdb.com/i/160x/laud8zee/pulp-fiction-sm.jpg', 'https://cdn.moviestillsdb.com/i/160x/roxvwcw8/pulp-fiction-sm.jpg', 'https://cdn.moviestillsdb.com/i/160x/yirxi4wj/pulp-fiction-sm.jpg', 'good', '/film/pulp-fiction/', NULL),
(17, 'Inception', 'https://cdn.moviestillsdb.com/i/160x/80ls0yws/inception-sm.jpg', 'https://cdn.moviestillsdb.com/i/160x/rqauibzl/inception-sm.jpg', 'https://cdn.moviestillsdb.com/i/160x/mhxro4n1/inception-sm.jpg', 'https://cdn.moviestillsdb.com/i/160x/p8jmg13e/inception-sm.jpg', 'good', '/film/inception/', NULL),
(19, 'Der Herr der Ringe', 'https://cdn.moviestillsdb.com/i/160x/qh0fi4ik/the-lord-of-the-rings-the-two-towers-sm.jpg', 'https://cdn.moviestillsdb.com/i/160x/wtmnufs1/the-lord-of-the-rings-the-two-towers-sm.jpg', 'https://cdn.moviestillsdb.com/i/160x/codeooob/the-lord-of-the-rings-the-two-towers-sm.jpg', 'https://cdn.moviestillsdb.com/i/160x/r7ogyfii/the-lord-of-the-rings-the-two-towers-sm.jpg', 'good', '=', NULL),
(20, 'Forrest Gump', 'https://cdn.moviestillsdb.com/i/160x/7tupxbkx/forrest-gump-sm.jpg', 'https://cdn.moviestillsdb.com/i/160x/z1clpfwn/forrest-gump-sm.jpg', 'https://cdn.moviestillsdb.com/i/160x/reunrubu/forrest-gump-sm.jpg', 'https://cdn.moviestillsdb.com/i/160x/gfewghou/forrest-gump-sm.jpg', 'good', '/film/forrest-gump/', NULL),
(23, 'Der Herr der Ringe', 'https://cdn.moviestillsdb.com/i/160x/ml26o7qa/the-lord-of-the-rings-the-two-towers-sm.jpg', 'https://cdn.moviestillsdb.com/i/160x/3k78jjiw/the-lord-of-the-rings-the-two-towers-sm.jpg', 'https://cdn.moviestillsdb.com/i/160x/agmpth3f/the-lord-of-the-rings-the-two-towers-sm.jpg', 'https://cdn.moviestillsdb.com/i/160x/7hp2fbez/the-lord-of-the-rings-the-two-towers-sm.jpg', 'good', '=', NULL),
(24, 'Matrix', 'https://cdn.moviestillsdb.com/i/160x/8pepyesy/the-matrix-sm.jpg', 'https://cdn.moviestillsdb.com/i/160x/bf0kh8s7/the-matrix-sm.jpg', 'https://cdn.moviestillsdb.com/i/160x/33udwzmm/the-matrix-sm.jpg', 'https://cdn.moviestillsdb.com/i/160x/bru71e6n/the-matrix-sm.jpg', 'good', '/film/the-matrix/', NULL),
(29, 'Parasite', 'https://cdn.moviestillsdb.com/i/160x/nnzzdtfw/parasite-sm.jpg', 'https://cdn.moviestillsdb.com/i/160x/lk5dxdqi/parasite-sm.jpg', 'https://cdn.moviestillsdb.com/i/160x/rntu5lbz/parasite-sm.jpg', 'https://cdn.moviestillsdb.com/i/160x/rkmpsikd/parasite-sm.jpg', 'good', '/film/parasite-2019/', NULL),
(30, 'Interstellar', 'https://cdn.moviestillsdb.com/i/160x/m1xjmi9q/interstellar-sm.jpg', 'https://cdn.moviestillsdb.com/i/160x/smwsvuiq/interstellar-sm.jpg', 'https://cdn.moviestillsdb.com/i/160x/h6k97bco/interstellar-sm.jpg', 'https://cdn.moviestillsdb.com/i/160x/srypbcv9/interstellar-sm.jpg', 'good', '/film/interstellar/', NULL),
(33, 'Der Soldat James Ryan', 'https://cdn.moviestillsdb.com/i/160x/ilzhs7dq/saving-private-ryan-sm.jpg', 'https://cdn.moviestillsdb.com/i/160x/bho9x6qs/saving-private-ryan-sm.jpg', 'https://cdn.moviestillsdb.com/i/160x/dfhctpfs/saving-private-ryan-sm.jpg', 'https://cdn.moviestillsdb.com/i/160x/wt794zr3/saving-private-ryan-sm.jpg', 'good', '=', NULL),
(34, 'The Green Mile', 'https://cdn.moviestillsdb.com/i/160x/jduczsh6/the-green-mile-sm.jpg', 'https://cdn.moviestillsdb.com/i/160x/ug1zba23/the-green-mile-sm.jpg', 'https://cdn.moviestillsdb.com/i/160x/nep8p14u/the-green-mile-sm.jpg', 'https://cdn.moviestillsdb.com/i/160x/qe3svdjm/the-green-mile-sm.jpg', 'good', '/film/the-green-mile/', NULL),
(40, 'Die sieben Samurai', 'https://cdn.moviestillsdb.com/i/160x/cdwfxpvn/shichinin-no-samurai-sm.jpg', 'https://cdn.moviestillsdb.com/i/160x/yrygdilj/shichinin-no-samurai-sm.jpg', 'https://cdn.moviestillsdb.com/i/160x/obdhagra/shichinin-no-samurai-sm.jpg', 'https://cdn.moviestillsdb.com/i/160x/cfxh8tch/shichinin-no-samurai-sm.jpg', 'good', '/film/mazeppa-der-volksheld-der-ukraine/', NULL),
(42, 'Joker', 'https://cdn.moviestillsdb.com/i/160x/r19h6dum/joker-sm.jpg', 'https://cdn.moviestillsdb.com/i/160x/gwxlbm03/joker-sm.jpg', 'https://cdn.moviestillsdb.com/i/160x/cme6xhxp/joker-sm.jpg', 'https://cdn.moviestillsdb.com/i/160x/qpp2purr/joker-sm.jpg', 'good', '/film/joker-2019/', NULL),
(46, 'Prestige', 'https://cdn.moviestillsdb.com/i/160x/uimhumvn/the-prestige-sm.jpg', 'https://cdn.moviestillsdb.com/i/160x/d81gpvow/the-prestige-sm.jpg', 'https://cdn.moviestillsdb.com/i/160x/bazvifir/the-prestige-sm.jpg', 'https://cdn.moviestillsdb.com/i/160x/bib7ubat/the-prestige-sm.jpg', 'good', '/film/prestige/', NULL),
(47, 'Departed', 'https://cdn.moviestillsdb.com/i/160x/mq3kqlae/the-departed-sm.jpg', 'https://cdn.moviestillsdb.com/i/160x/lockk82e/the-departed-sm.jpg', 'https://cdn.moviestillsdb.com/i/160x/lnbibhvq/the-departed-sm.jpg', 'https://cdn.moviestillsdb.com/i/160x/klne1bcj/the-departed-sm.jpg', 'good', '/film/the-departed/', NULL),
(53, 'The Lion King', 'https://cache.moviestillsdb.com/i/160x/gbsw1asi/the-lion-king-sm.jpg', 'https://cache.moviestillsdb.com/i/160x/gbsw1asi/the-lion-king-sm.jpg', 'https://cache.moviestillsdb.com/i/160x/wq7bdt6e/the-lion-king-sm.jpg', 'https://cache.moviestillsdb.com/i/160x/5phqwpk6/the-lion-king-sm.jpg', 'good', '/film/the-lion-king/', NULL),
(59, 'Psycho', 'https://cdn.moviestillsdb.com/i/160x/zi1lyvwe/psycho-sm.jpg', 'https://cdn.moviestillsdb.com/i/160x/uileljqh/psycho-sm.jpg', 'https://cdn.moviestillsdb.com/i/160x/85gffmys/psycho-sm.jpg', 'https://cdn.moviestillsdb.com/i/160x/mxupyy48/psycho-sm.jpg', 'bad', '/film/psycho/', NULL),
(60, 'Casablanca', 'https://cdn.moviestillsdb.com/i/160x/al8bsmsy/casablanca-sm.jpg', 'https://cdn.moviestillsdb.com/i/160x/safus9if/casablanca-sm.jpg', 'https://cdn.moviestillsdb.com/i/160x/tsgnyheq/casablanca-sm.jpg', 'https://cdn.moviestillsdb.com/i/160x/7dvb0kxd/casablanca-sm.jpg', 'good', '/film/casablanca/', NULL),
(61, 'Moderne Zeiten', 'https://cdn.moviestillsdb.com/i/160x/4z2fzczu/goldene-zeiten-sm.jpg', 'https://cdn.moviestillsdb.com/i/160x/g1hwyyjl/goldene-zeiten-sm.jpg', 'https://cdn.moviestillsdb.com/i/160x/pabsrq43/goldene-zeiten-sm.jpg', 'https://cdn.moviestillsdb.com/i/160x/j1epwfux/goldene-zeiten-sm.jpg', 'good', '/film/modern-times/', NULL),
(70, 'Django Unchained', 'https://cdn.moviestillsdb.com/i/160x/a5gmhv4w/django-unchained-sm.jpg', 'https://cdn.moviestillsdb.com/i/160x/epkqc2mx/django-unchained-sm.jpg', 'https://cdn.moviestillsdb.com/i/160x/mumhrqnq/django-unchained-sm.jpg', 'https://cdn.moviestillsdb.com/i/160x/qdwbcm5q/django-unchained-sm.jpg', 'good', '/film/django-unchained/', NULL),
(71, 'The Dark Knight Rises', 'https://cdn.moviestillsdb.com/i/160x/dppgl7da/the-dark-knight-rises-sm.jpg', 'https://cdn.moviestillsdb.com/i/160x/pq6profq/the-dark-knight-rises-sm.jpg', 'https://cdn.moviestillsdb.com/i/160x/ihfyxkuy/the-dark-knight-rises-sm.jpg', 'https://cdn.moviestillsdb.com/i/160x/tudk2ygu/the-dark-knight-rises-sm.jpg', 'good', '/film/the-dark-knight-rises/', NULL),
(76, 'Oldboy', 'https://cdn.moviestillsdb.com/i/160x/fhomoiek/oldboy-sm.jpg', 'https://cdn.moviestillsdb.com/i/160x/zunwv0jg/oldboy-sm.jpg', 'https://cdn.moviestillsdb.com/i/160x/kf82eulb/oldboy-sm.jpg', 'https://cdn.moviestillsdb.com/i/160x/erpokrvu/oldboy-sm.jpg', 'good', '/film/oldboy/', NULL),
(77, 'Memento', 'https://cdn.moviestillsdb.com/i/160x/lebbao37/memento-sm.jpg', 'https://cdn.moviestillsdb.com/i/160x/jjpznj4p/memento-sm.jpg', 'https://cdn.moviestillsdb.com/i/160x/px7cx46c/memento-sm.jpg', 'https://cdn.moviestillsdb.com/i/160x/x7pt151d/memento-sm.jpg', 'good', '/film/memento/', NULL),
(78, 'Prinzessin Mononoke', 'https://cdn.moviestillsdb.com/i/160x/smj9xwhw/mononoke-hime-sm.jpg', 'https://cdn.moviestillsdb.com/i/160x/fknfqzxr/mononoke-hime-sm.jpg', 'https://cdn.moviestillsdb.com/i/160x/mivl8vqu/mononoke-hime-sm.jpg', 'https://cdn.moviestillsdb.com/i/160x/rslfyzfp/mononoke-hime-sm.jpg', 'good', '/film/princess-mononoke/', NULL),
(81, 'Shining', 'https://cdn.moviestillsdb.com/i/160x/i4knfqez/the-shining-sm.jpg', 'https://cdn.moviestillsdb.com/i/160x/zs3fujuq/the-shining-sm.jpg', 'https://cdn.moviestillsdb.com/i/160x/v25f6a4k/the-shining-sm.jpg', 'https://cdn.moviestillsdb.com/i/160x/zujuukt7/the-shining-sm.jpg', 'good', '/film/shining/', NULL),
(92, '1917', 'https://cdn.moviestillsdb.com/i/160x/5wudsvyl/1917-sm.jpg', 'https://cdn.moviestillsdb.com/i/160x/utfd4rdu/1917-sm.jpg', 'https://cdn.moviestillsdb.com/i/160x/58w6hoho/1917-sm.jpg', 'https://cdn.moviestillsdb.com/i/160x/1xodp5wx/1917-sm.jpg', 'good', '/film/1917/', NULL),
(100, 'Toy Story', 'https://cache.moviestillsdb.com/i/160x/mcns2847/toy-story-2-sm.jpg', 'https://cache.moviestillsdb.com/i/160x/m7pig4no/toy-story-2-sm.jpg', 'https://cache.moviestillsdb.com/i/160x/rpglzmah/toy-story-sm.jpg', 'https://cache.moviestillsdb.com/i/160x/eknhyo8t/toy-story-2-sm.jpg', 'good', '/film/toy-story/', NULL),
(101, 'Inglourious Basterds', 'https://cdn.moviestillsdb.com/i/160x/dyf3ax8l/inglourious-basterds-sm.jpg', 'https://cdn.moviestillsdb.com/i/160x/h3ya2bt5/inglourious-basterds-sm.jpg', 'https://cdn.moviestillsdb.com/i/160x/frfldugn/inglourious-basterds-sm.jpg', 'https://cdn.moviestillsdb.com/i/160x/7ok37tam/inglourious-basterds-sm.jpg', 'good', '/film/inglourious-basterds/', NULL),
(103, 'Die fabelhafte Welt der Amelie', 'https://cdn.moviestillsdb.com/i/160x/iydopxzl/le-fabuleux-destin-damelie-poulain-sm.jpg', 'https://cdn.moviestillsdb.com/i/160x/uhgruybv/le-fabuleux-destin-damelie-poulain-sm.jpg', 'https://cdn.moviestillsdb.com/i/160x/scszbtfe/le-fabuleux-destin-damelie-poulain-sm.jpg', 'https://cdn.moviestillsdb.com/i/160x/vgmywnej/le-fabuleux-destin-damelie-poulain-sm.jpg', 'good', '=', NULL),
(104, 'Snatch', 'https://cdn.moviestillsdb.com/i/160x/txtjkb81/snatch-sm.jpg', 'https://cdn.moviestillsdb.com/i/160x/0zwnh7uk/snatch-sm.jpg', 'https://cdn.moviestillsdb.com/i/160x/fekztl5t/snatch-sm.jpg', 'https://cdn.moviestillsdb.com/i/160x/qucurhvq/snatch-sm.jpg', 'good', '/film/snatch/', NULL),
(105, 'Requiem for a Dream', 'https://cdn.moviestillsdb.com/i/160x/urssjn4y/requiem-for-a-dream-sm.jpg', 'https://cdn.moviestillsdb.com/i/160x/z6yy1qhh/requiem-for-a-dream-sm.jpg', 'https://cdn.moviestillsdb.com/i/160x/5xeoif3d/requiem-for-a-dream-sm.jpg', 'https://cdn.moviestillsdb.com/i/160x/2gshv7gc/requiem-for-a-dream-sm.jpg', 'good', '/film/requiem-for-a-dream/', NULL),
(107, 'Good Will Hunting', 'https://cdn.moviestillsdb.com/i/160x/d9kdmnnn/good-will-hunting-sm.jpg', 'https://cdn.moviestillsdb.com/i/160x/vsdruiez/good-will-hunting-sm.jpg', 'https://cdn.moviestillsdb.com/i/160x/sfneehbh/good-will-hunting-sm.jpg', 'https://cdn.moviestillsdb.com/i/160x/sfneehbh/good-will-hunting-sm.jpg', 'good', '/film/good-will-hunting/', NULL),
(109, 'Toy Story', 'https://cache.moviestillsdb.com/i/160x/p8jp8oha/toy-story-sm.jpg', 'https://cache.moviestillsdb.com/i/160x/9axmnmch/toy-story-sm.jpg', 'https://cache.moviestillsdb.com/i/160x/mkg9vqpc/toy-story-sm.jpg', 'https://cache.moviestillsdb.com/i/160x/mcns2847/toy-story-2-sm.jpg', 'good', '/film/toy-story/', NULL),
(111, 'Reservoir Dogs', 'https://cdn.moviestillsdb.com/i/160x/edc6encj/reservoir-dogs-sm.jpg', 'https://cdn.moviestillsdb.com/i/160x/nyankbiw/reservoir-dogs-sm.jpg', 'https://cdn.moviestillsdb.com/i/160x/edofb1ij/reservoir-dogs-sm.jpg', 'https://cdn.moviestillsdb.com/i/160x/rch6sddb/reservoir-dogs-sm.jpg', 'good', '/film/reservoir-dogs/', NULL),
(112, 'Full Metal Jacket', 'https://cdn.moviestillsdb.com/i/160x/3vsna4nw/full-metal-jacket-sm.jpg', 'https://cdn.moviestillsdb.com/i/160x/mwmabeyp/full-metal-jacket-sm.jpg', 'https://cdn.moviestillsdb.com/i/160x/qvnjs4jv/full-metal-jacket-sm.jpg', 'https://cdn.moviestillsdb.com/i/160x/cmgj97ws/full-metal-jacket-sm.jpg', 'good', '/film/full-metal-jacket/', NULL),
(114, 'Amadeus', 'https://cdn.moviestillsdb.com/i/160x/pc3hwyii/amadeus-sm.jpg', 'https://cdn.moviestillsdb.com/i/160x/c1dern0d/amadeus-sm.jpg', 'https://cdn.moviestillsdb.com/i/160x/q7msdr8n/amadeus-sm.jpg', 'https://cdn.moviestillsdb.com/i/160x/ua1hjxfn/amadeus-sm.jpg', 'good', '/film/amadeus/', NULL),
(117, 'Das Boot', 'https://cdn.moviestillsdb.com/i/160x/x7syymim/das-boot-sm.jpg', 'https://cdn.moviestillsdb.com/i/160x/mejkmgwz/das-boot-sm.jpg', 'https://cdn.moviestillsdb.com/i/160x/udtpasaf/das-boot-sm.jpg', 'https://cdn.moviestillsdb.com/i/160x/ax298ff0/das-boot-sm.jpg', 'good', '/film/das-boot/', NULL),
(131, 'Citizen Kane', 'https://cdn.moviestillsdb.com/i/160x/itdc6fox/citizen-kane-sm.jpg', 'https://cdn.moviestillsdb.com/i/160x/bdf3pfjx/citizen-kane-sm.jpg', 'https://cdn.moviestillsdb.com/i/160x/ke3rfog2/citizen-kane-sm.jpg', 'https://cdn.moviestillsdb.com/i/160x/ifqgchgv/citizen-kane-sm.jpg', 'bad', '/film/citizen-kane/', NULL),
(136, 'Lethal Strike', 'https://cdn.moviestillsdb.com/i/160x/qcnly3of/7-10-split-sm.jpg', 'https://cdn.moviestillsdb.com/i/160x/eiknvz4d/7-10-split-sm.jpg', 'https://cdn.moviestillsdb.com/i/160x/0n3cjmwj/7-10-split-sm.jpg', 'https://cdn.moviestillsdb.com/i/160x/fjx731d5/7-10-split-sm.jpg', 'good', '/film/uri-the-surgical-strike/', NULL),
(141, 'Klaus', 'https://cdn.moviestillsdb.com/i/160x/3quvrr4n/klaus-sm.jpg', 'https://cdn.moviestillsdb.com/i/160x/ctj5wm3v/klaus-sm.jpg', 'https://cdn.moviestillsdb.com/i/160x/3habdbys/klaus-sm.jpg', 'https://cdn.moviestillsdb.com/i/160x/7zmdcd5t/klaus-sm.jpg', 'good', '/film/klaus/', NULL),
(150, 'Warrior', 'https://cdn.moviestillsdb.com/i/160x/m0hb7h2t/warrior-sm.jpg', 'https://cdn.moviestillsdb.com/i/160x/nvugmsi8/warrior-sm.jpg', 'https://cdn.moviestillsdb.com/i/160x/08odckdg/warrior-sm.jpg', 'https://cdn.moviestillsdb.com/i/160x/qe7oh4im/warrior-sm.jpg', 'good', '/film/warrior/', NULL),
(151, 'Shutter Island', 'https://cdn.moviestillsdb.com/i/160x/6abljhii/shutter-island-sm.jpg', 'https://cdn.moviestillsdb.com/i/160x/rcty8kqc/shutter-island-sm.jpg', 'https://cdn.moviestillsdb.com/i/160x/hzkkiwiy/shutter-island-sm.jpg', 'https://cdn.moviestillsdb.com/i/160x/dfwj5u2e/shutter-island-sm.jpg', 'good', '/film/shutter-island/', NULL),
(153, 'The Wolf of Wall Street', 'https://cdn.moviestillsdb.com/i/160x/juodiaa6/the-wolf-of-wall-street-sm.jpg', 'https://cdn.moviestillsdb.com/i/160x/p1zqd9rj/the-wolf-of-wall-street-sm.jpg', 'https://cdn.moviestillsdb.com/i/160x/rn7kbcrm/the-wolf-of-wall-street-sm.jpg', 'https://cdn.moviestillsdb.com/i/160x/xlwvilff/the-wolf-of-wall-street-sm.jpg', 'good', '/film/the-wolf-of-wall-street/', NULL),
(155, 'There Will Be Blood', 'https://cdn.moviestillsdb.com/i/160x/mvfkjgn4/there-will-be-blood-sm.jpg', 'https://cdn.moviestillsdb.com/i/160x/v2ljmjc6/there-will-be-blood-sm.jpg', 'https://cdn.moviestillsdb.com/i/160x/twpgyqja/there-will-be-blood-sm.jpg', 'https://cdn.moviestillsdb.com/i/160x/a3bzjrpk/there-will-be-blood-sm.jpg', 'good', '/film/there-will-be-blood/', NULL),
(159, 'Black', 'https://cdn.moviestillsdb.com/i/160x/3acem6lo/black-sm.jpg', 'https://cdn.moviestillsdb.com/i/160x/w5cjvcgy/black-sm.jpg', 'https://cdn.moviestillsdb.com/i/160x/3tv3ipg4/black-sm.jpg', 'https://cdn.moviestillsdb.com/i/160x/sjyroglk/black-sm.jpg', 'good', '/film/black/', NULL),
(160, 'Batman Begins', 'https://cdn.moviestillsdb.com/i/160x/g4ujur02/batman-begins-sm.jpg', 'https://cdn.moviestillsdb.com/i/160x/ftgdqytd/batman-begins-sm.jpg', 'https://cdn.moviestillsdb.com/i/160x/ed7mflf8/batman-begins-sm.jpg', 'https://cdn.moviestillsdb.com/i/160x/zzroicsd/batman-begins-sm.jpg', 'good', '/film/batman-begins/', NULL),
(161, 'Swades - Heimat', 'https://cdn.moviestillsdb.com/i/160x/yskrnncn/heiran-sm.jpg', 'https://cdn.moviestillsdb.com/i/160x/vwi5ik1b/heiran-sm.jpg', 'https://cdn.moviestillsdb.com/i/160x/omyyrc3b/heiran-sm.jpg', 'https://cdn.moviestillsdb.com/i/160x/oicealnw/heiran-sm.jpg', 'good', '/film/heimat-1984/', NULL),
(162, 'Der Untergang', 'https://cdn.moviestillsdb.com/i/160x/yrk8tmel/der-untergang-sm.jpg', 'https://cdn.moviestillsdb.com/i/160x/7zpr5m90/der-untergang-sm.jpg', 'https://cdn.moviestillsdb.com/i/160x/xulpatkt/der-untergang-sm.jpg', 'https://cdn.moviestillsdb.com/i/160x/dlny1ai7/der-untergang-sm.jpg', 'good', '/film/downfall/', NULL),
(164, 'A Beautiful Mind', 'https://cdn.moviestillsdb.com/i/160x/lsra0wod/a-beautiful-mind-sm.jpg', 'https://cdn.moviestillsdb.com/i/160x/2nfqj98w/a-beautiful-mind-sm.jpg', 'https://cdn.moviestillsdb.com/i/160x/e5o1dfaj/a-beautiful-mind-sm.jpg', 'https://cdn.moviestillsdb.com/i/160x/55gdd5ii/a-beautiful-mind-sm.jpg', 'good', '/film/a-beautiful-mind/', NULL),
(165, 'Hera Pheri', 'https://cdn.moviestillsdb.com/i/160x/dssauh1b/cheri-sm.jpg', 'https://cdn.moviestillsdb.com/i/160x/hyxdbcjf/cheri-sm.jpg', 'https://cdn.moviestillsdb.com/i/160x/bluliutp/cheri-sm.jpg', 'https://cdn.moviestillsdb.com/i/160x/19ig8wqh/cheri-sm.jpg', 'good', '/film/hera-pheri/', NULL),
(170, 'Casino', 'https://cdn.moviestillsdb.com/i/160x/yajpboya/casino-sm.jpg', 'https://cdn.moviestillsdb.com/i/160x/tchzedq1/casino-sm.jpg', 'https://cdn.moviestillsdb.com/i/160x/c6ntta95/casino-sm.jpg', 'https://cdn.moviestillsdb.com/i/160x/nk5yuxhk/casino-sm.jpg', 'good', '/film/casino/', NULL),
(173, 'Indiana Jones und der letzte Kreuzzug', 'https://cache.moviestillsdb.com/i/160x/5koc6kj3/indiana-jones-and-the-last-crusade-sm.jpg', 'https://cache.moviestillsdb.com/i/160x/lnefvquf/indiana-jones-and-the-last-crusade-sm.jpg', 'https://cache.moviestillsdb.com/i/160x/skrhjs7p/indiana-jones-and-the-last-crusade-sm.jpg', 'https://cache.moviestillsdb.com/i/160x/wrwls8k7/indiana-jones-and-the-last-crusade-sm.jpg', 'good', '=', NULL),
(175, 'Mein Nachbar Totoro', 'https://cdn.moviestillsdb.com/i/160x/a8mhm6jg/tonari-no-totoro-sm.jpg', 'https://cdn.moviestillsdb.com/i/160x/xaa52r67/tonari-no-totoro-sm.jpg', 'https://cdn.moviestillsdb.com/i/160x/gojbdtm8/tonari-no-totoro-sm.jpg', 'https://cdn.moviestillsdb.com/i/160x/tpcjbeux/tonari-no-totoro-sm.jpg', 'good', '/film/my-neighbor-totoro/', NULL),
(176, 'Stirb langsam', 'https://cdn.moviestillsdb.com/i/160x/pa7c03ys/die-hard-sm.jpg', 'https://cdn.moviestillsdb.com/i/160x/odwvdvfd/die-hard-sm.jpg', 'https://cdn.moviestillsdb.com/i/160x/ppda06ze/die-hard-sm.jpg', 'https://cdn.moviestillsdb.com/i/160x/nzwcqe2f/die-hard-sm.jpg', 'good', '/film/die-hard-with-a-vengeance/', NULL),
(179, 'Stalker', 'https://cdn.moviestillsdb.com/i/160x/u5jw8zlk/stalker-sm.jpg', 'https://cdn.moviestillsdb.com/i/160x/ymomddp0/stalker-sm.jpg', 'https://cdn.moviestillsdb.com/i/160x/y3nucmpf/stalker-sm.jpg', 'https://cdn.moviestillsdb.com/i/160x/bro1ggfy/stalker-sm.jpg', 'good', '/film/stalker/', NULL),
(182, 'Sholay', 'https://cdn.moviestillsdb.com/i/160x/bo9sheqs/wholly-moses-sm.jpg', 'https://cdn.moviestillsdb.com/i/160x/meb9jm5v/wholly-moses-sm.jpg', 'https://cdn.moviestillsdb.com/i/160x/ccc7gdlx/wholly-moses-sm.jpg', 'https://cdn.moviestillsdb.com/i/160x/2p84t714/wholly-moses-sm.jpg', 'good', '/film/sholay/', NULL),
(210, 'Back to the Future', 'https://cdn.moviestillsdb.com/i/160x/e7ozzimk/back-to-the-future-sm.jpg', 'https://cdn.moviestillsdb.com/i/160x/fz0n5gef/back-to-the-future-sm.jpg', 'https://cdn.moviestillsdb.com/i/160x/uicvi2jm/back-to-the-future-sm.jpg', 'https://cdn.moviestillsdb.com/i/160x/tspvf8eh/back-to-the-future-sm.jpg', 'good', '/film/back-to-the-future/', NULL),
(213, 'back to the future', 'https://cdn.moviestillsdb.com/i/160x/psmqwjjs/back-to-the-future-sm.jpg', 'https://cdn.moviestillsdb.com/i/160x/fz0n5gef/back-to-the-future-sm.jpg', 'https://cdn.moviestillsdb.com/i/160x/e7ozzimk/back-to-the-future-sm.jpg', 'https://cdn.moviestillsdb.com/i/160x/nzsm9qi5/back-to-the-future-sm.jpg', 'good', '/film/back-to-the-future/', NULL),
(215, 'Back to the future', 'https://cdn.moviestillsdb.com/i/160x/8m3rjqoa/back-to-the-future-sm.jpg', 'https://cdn.moviestillsdb.com/i/160x/mkuycznu/back-to-the-future-sm.jpg', 'https://cdn.moviestillsdb.com/i/160x/yi3rhd4f/back-to-the-future-sm.jpg', 'https://cdn.moviestillsdb.com/i/160x/t1lcq7dx/back-to-the-future-sm.jpg', 'good', '/film/back-to-the-future/', NULL),
(217, 'Jojo Rabbit', 'https://cdn.moviestillsdb.com/i/160x/142n2ocd/jojo-rabbit-sm.jpg', 'https://cdn.moviestillsdb.com/i/160x/r1us8bog/jojo-rabbit-sm.jpg', 'https://cdn.moviestillsdb.com/i/160x/4cfmsrrp/jojo-rabbit-sm.jpg', 'https://cdn.moviestillsdb.com/i/160x/r1us8bog/jojo-rabbit-sm.jpg', 'good', '/film/jojo-rabbit/', NULL),
(219, 'Ready Player One', 'https://cdn.moviestillsdb.com/i/160x/amzcv7mw/ready-player-one-sm.jpg', 'https://cdn.moviestillsdb.com/i/160x/porfrnj7/ready-player-one-sm.jpg', 'https://cdn.moviestillsdb.com/i/160x/meq3q0qh/ready-player-one-sm.jpg', 'https://cdn.moviestillsdb.com/i/160x/meq3q0qh/ready-player-one-sm.jpg', 'good', '/film/ready-player-one/', NULL),
(225, 'se7en', 'https://cdn.moviestillsdb.com/i/160x/gce4rjam/se7en-sm.jpg', 'https://cdn.moviestillsdb.com/i/160x/lfuamw8n/se7en-sm.jpg', 'https://cdn.moviestillsdb.com/i/160x/ht1xblqv/se7en-sm.jpg', 'https://cdn.moviestillsdb.com/i/160x/apq7kto6/se7en-sm.jpg', 'bad', '/film/se7en/', NULL),
(226, 'The Shining', 'https://cdn.moviestillsdb.com/i/160x/e1amsifs/the-shining-sm.jpg', 'https://cdn.moviestillsdb.com/i/160x/qndlmuwq/the-shining-sm.jpg', 'https://cdn.moviestillsdb.com/i/160x/vxxdvwyq/the-shining-sm.jpg', 'https://cdn.moviestillsdb.com/i/160x/diporhvr/the-shining-sm.jpg', 'good', '/film/the-shining/', NULL),
(227, 'Tron', 'https://cdn.moviestillsdb.com/i/160x/zsfmvgrl/tron-sm.jpg', 'https://cdn.moviestillsdb.com/i/160x/vaon9enj/tron-sm.jpg', 'https://cdn.moviestillsdb.com/i/160x/z38szski/tron-sm.jpg', 'https://cdn.moviestillsdb.com/i/160x/x3v9brvf/tron-sm.jpg', 'good', '/film/tron-legacy/', NULL),
(237, 'Three Billboards Outside Ebbing, Missouri', 'https://cdn.moviestillsdb.com/i/160x/zdfnoh0b/three-billboards-outside-ebbing-missouri-sm.jpg', 'https://cdn.moviestillsdb.com/i/160x/8lfwcfvo/three-billboards-outside-ebbing-missouri-sm.jpg', 'https://cdn.moviestillsdb.com/i/160x/2nzngurz/three-billboards-outside-ebbing-missouri-sm.jpg', 'https://cdn.moviestillsdb.com/i/160x/nhmmulss/three-billboards-outside-ebbing-missouri-sm.jpg', 'good', '/film/three-billboards-outside-ebbing-missouri/', 17),
(238, 'The Maze Runner', 'https://cdn.moviestillsdb.com/i/160x/rj4lggz1/the-maze-runner-sm.jpg', 'https://cdn.moviestillsdb.com/i/160x/pw7q72nj/the-maze-runner-sm.jpg', 'https://cdn.moviestillsdb.com/i/160x/rvmogppw/the-maze-runner-sm.jpg', 'https://cdn.moviestillsdb.com/i/160x/rtjwofqe/the-maze-runner-sm.jpg', 'bad', '/film/the-maze-runner/', 17),
(240, 'Mommy', 'https://cdn.moviestillsdb.com/i/160x/fiiud59b/mommy-sm.jpg', 'https://cdn.moviestillsdb.com/i/160x/k8xogx6o/mommy-sm.jpg', 'https://cdn.moviestillsdb.com/i/160x/ogubvpdx/mommy-sm.jpg', 'https://cdn.moviestillsdb.com/i/160x/fjen54af/mommy-sm.jpg', 'good', '/film/mommy-2014/', NULL),
(241, 'Haider', 'https://cdn.moviestillsdb.com/i/160x/trzpsatm/tomb-raider-sm.jpg', 'https://cdn.moviestillsdb.com/i/160x/nysvt4ip/tomb-raider-sm.jpg', 'https://cdn.moviestillsdb.com/i/160x/ld6radz4/tomb-raider-sm.jpg', 'https://cdn.moviestillsdb.com/i/160x/e82nmyfa/tomb-raider-sm.jpg', 'good', '/film/haider/', NULL),
(242, 'Logan The Wolverine', 'https://cdn.moviestillsdb.com/i/160x/alhfov1n/logan-sm.jpg', 'https://cdn.moviestillsdb.com/i/160x/jfbv4dlm/logan-sm.jpg', 'https://cdn.moviestillsdb.com/i/160x/vrz4vaxw/logan-sm.jpg', 'https://cdn.moviestillsdb.com/i/160x/idkrrisv/logan-sm.jpg', 'good', '/film/logan-2017/', NULL),
(248, 'Grand Budapest Hotel', 'https://cdn.moviestillsdb.com/i/160x/i83eqm5h/the-grand-budapest-hotel-sm.jpg', 'https://cdn.moviestillsdb.com/i/160x/nelblf2l/the-grand-budapest-hotel-sm.jpg', 'https://cdn.moviestillsdb.com/i/160x/yoyxsyzb/the-grand-budapest-hotel-sm.jpg', 'https://cdn.moviestillsdb.com/i/160x/dh3vrqcg/the-grand-budapest-hotel-sm.jpg', 'good', '/film/the-grand-budapest-hotel/', NULL),
(249, 'Gone Girl - Das perfekte Opfer', 'https://cdn.moviestillsdb.com/i/160x/ciexvof2/das-perfekte-geheimnis-sm.jpg', 'https://cdn.moviestillsdb.com/i/160x/ajacfqe9/das-perfekte-geheimnis-sm.jpg', 'https://cdn.moviestillsdb.com/i/160x/se8evqsu/das-perfekte-geheimnis-sm.jpg', 'https://cdn.moviestillsdb.com/i/160x/m8aizp0i/das-perfekte-geheimnis-sm.jpg', 'new', '/film/return-to-sender-2015/', NULL),
(250, 'Ame & Yuki - Die Wolfskinder', 'https://cdn.moviestillsdb.com/i/160x/ht55rvqj/amy-sm.jpg', 'https://cdn.moviestillsdb.com/i/160x/irqvciok/amy-sm.jpg', 'https://cdn.moviestillsdb.com/i/160x/ci8n0zpc/amy-sm.jpg', 'https://cdn.moviestillsdb.com/i/160x/dk6ezkq9/amy-sm.jpg', 'good', '/film/wolf-children/', NULL),
(254, '12 Years a Slave', 'https://cdn.moviestillsdb.com/i/160x/akxsa9ns/12-years-a-slave-sm.jpg', 'https://cdn.moviestillsdb.com/i/160x/9ftwmsr8/12-years-a-slave-sm.jpg', 'https://cdn.moviestillsdb.com/i/160x/iv42fh5j/12-years-a-slave-sm.jpg', 'https://cdn.moviestillsdb.com/i/160x/emcdua87/12-years-a-slave-sm.jpg', 'good', '/film/12-years-a-slave/', NULL),
(257, 'Spotlight', 'https://cdn.moviestillsdb.com/i/160x/ftthdxdn/spotlight-sm.jpg', 'https://cdn.moviestillsdb.com/i/160x/h0kv8jfy/spotlight-sm.jpg', 'https://cdn.moviestillsdb.com/i/160x/mhqon1y4/spotlight-sm.jpg', 'https://cdn.moviestillsdb.com/i/160x/j2kpk8nq/spotlight-sm.jpg', 'good', '/film/spotlight/', NULL),
(261, 'Prisoners', 'https://cdn.moviestillsdb.com/i/160x/ah73new4/prisoners-sm.jpg', 'https://cdn.moviestillsdb.com/i/160x/omphacss/prisoners-sm.jpg', 'https://cdn.moviestillsdb.com/i/160x/hdf97yex/prisoners-sm.jpg', 'https://cdn.moviestillsdb.com/i/160x/ezg3ij67/prisoners-sm.jpg', 'good', '/film/prisoners/', NULL),
(264, 'Gran Torino', 'https://cdn.moviestillsdb.com/i/160x/yrdlxo63/gran-torino-sm.jpg', 'https://cdn.moviestillsdb.com/i/160x/taoxohgz/gran-torino-sm.jpg', 'https://cdn.moviestillsdb.com/i/160x/1yff83re/gran-torino-sm.jpg', 'https://cdn.moviestillsdb.com/i/160x/spdxzams/gran-torino-sm.jpg', 'good', '/film/gran-torino/', NULL),
(266, 'Nokan - Die Kunst des Ausklangs', 'https://cdn.moviestillsdb.com/i/160x/tvlveauq/error-in-judgment-sm.jpg', 'https://cdn.moviestillsdb.com/i/160x/yh2b9ljs/error-in-judgment-sm.jpg', 'https://cdn.moviestillsdb.com/i/160x/rsekfptr/error-in-judgment-sm.jpg', 'https://cdn.moviestillsdb.com/i/160x/prfoq1i0/error-in-judgment-sm.jpg', 'good', '/film/velvet-buzzsaw/', NULL),
(270, 'Tropa de Elite', 'https://cdn.moviestillsdb.com/i/160x/ittkfnse/tropa-de-elite-sm.jpg', 'https://cdn.moviestillsdb.com/i/160x/bqwnyu0g/tropa-de-elite-sm.jpg', 'https://cdn.moviestillsdb.com/i/160x/cxkselhp/tropa-de-elite-sm.jpg', 'https://cdn.moviestillsdb.com/i/160x/kzyvwhvr/tropa-de-elite-sm.jpg', 'bad', '/film/elite-squad/', NULL),
(271, 'Into the Wild', 'https://cdn.moviestillsdb.com/i/160x/bzkqvtum/into-the-wild-sm.jpg', 'https://cdn.moviestillsdb.com/i/160x/chev5rjc/into-the-wild-sm.jpg', 'https://cdn.moviestillsdb.com/i/160x/buwts4vg/into-the-wild-sm.jpg', 'https://cdn.moviestillsdb.com/i/160x/vrbjsirt/into-the-wild-sm.jpg', 'good', '/film/into-the-wild/', NULL),
(272, 'No Country for Old Men', 'https://cdn.moviestillsdb.com/i/160x/k2otshqv/no-country-for-old-men-sm.jpg', 'https://cdn.moviestillsdb.com/i/160x/zaewmp5w/no-country-for-old-men-sm.jpg', 'https://cdn.moviestillsdb.com/i/160x/gyth0x0o/no-country-for-old-men-sm.jpg', 'https://cdn.moviestillsdb.com/i/160x/1iiecihu/no-country-for-old-men-sm.jpg', 'good', '/film/no-country-for-old-men/', NULL),
(274, 'Million Dollar Baby', 'https://cdn.moviestillsdb.com/i/160x/hat8fbed/million-dollar-baby-sm.jpg', 'https://cdn.moviestillsdb.com/i/160x/dd3wnlpt/million-dollar-baby-sm.jpg', 'https://cdn.moviestillsdb.com/i/160x/ra2mzcws/million-dollar-baby-sm.jpg', 'https://cdn.moviestillsdb.com/i/160x/9udcujcc/million-dollar-baby-sm.jpg', 'good', '/film/million-dollar-baby/', NULL),
(275, 'Hotel Ruanda', 'https://cdn.moviestillsdb.com/i/160x/fgvpjl0u/hotel-rwanda-sm.jpg', 'https://cdn.moviestillsdb.com/i/160x/jmbqlvzl/hotel-rwanda-sm.jpg', 'https://cdn.moviestillsdb.com/i/160x/rb9lrdy0/hotel-rwanda-sm.jpg', 'https://cdn.moviestillsdb.com/i/160x/mqrb2fwg/hotel-rwanda-sm.jpg', 'good', '/film/hotel-rwanda/', NULL),
(276, 'Brotherhood', 'https://cdn.moviestillsdb.com/i/160x/js6yemhz/brotherhood-sm.jpg', 'https://cdn.moviestillsdb.com/i/160x/nnusnlwn/brotherhood-sm.jpg', 'https://cdn.moviestillsdb.com/i/160x/kxm9wzga/brotherhood-sm.jpg', 'https://cdn.moviestillsdb.com/i/160x/yehmtn3r/brotherhood-sm.jpg', 'good', '/film/tae-guk-gi-the-brotherhood-of-war/', NULL),
(277, 'Before Sunset', 'https://cdn.moviestillsdb.com/i/160x/prhuynap/before-sunset-sm.jpg', 'https://cdn.moviestillsdb.com/i/160x/zp4yhsyp/before-sunset-sm.jpg', 'https://cdn.moviestillsdb.com/i/160x/yrhjdgj5/before-sunset-sm.jpg', 'https://cdn.moviestillsdb.com/i/160x/m1gmi2bc/before-sunset-sm.jpg', 'good', '/film/before-sunset/', NULL),
(280, 'Dil Chahta Hai', 'https://cdn.moviestillsdb.com/i/160x/ivhj8465/hai-hil-sm.jpg', 'https://cdn.moviestillsdb.com/i/160x/zu1or2ri/hai-hil-sm.jpg', 'https://cdn.moviestillsdb.com/i/160x/kelqlsky/hai-hil-sm.jpg', 'https://cdn.moviestillsdb.com/i/160x/pkdyijee/hai-hil-sm.jpg', 'good', '/film/dil-chahta-hai/', NULL),
(282, 'Findet Nemo', 'https://cache.moviestillsdb.com/i/160x/ousec9hs/finding-nemo-sm.jpg', 'https://cache.moviestillsdb.com/i/160x/4fywusce/finding-nemo-sm.jpg', 'https://cache.moviestillsdb.com/i/160x/4fywusce/finding-nemo-sm.jpg', 'https://cache.moviestillsdb.com/i/160x/xrkclzs1/finding-nemo-sm.jpg', 'good', '/film/findet-nemo-3d/', NULL),
(283, 'Catch Me If You Can', 'https://cdn.moviestillsdb.com/i/160x/0vibggrd/catch-me-if-you-can-sm.jpg', 'https://cdn.moviestillsdb.com/i/160x/s7cdvw7c/catch-me-if-you-can-sm.jpg', 'https://cdn.moviestillsdb.com/i/160x/7pc90wsd/catch-me-if-you-can-sm.jpg', 'https://cdn.moviestillsdb.com/i/160x/s9cc5o4a/catch-me-if-you-can-sm.jpg', 'good', '/film/catch-me-if-you-can-2002/', NULL),
(287, 'Lagaan - Es war einmal in Indien', 'https://cdn.moviestillsdb.com/i/160x/oub8r3mq/war-sm.jpg', 'https://cdn.moviestillsdb.com/i/160x/7i6w7p6x/war-sm.jpg', 'https://cdn.moviestillsdb.com/i/160x/s9g653tw/war-sm.jpg', 'https://cdn.moviestillsdb.com/i/160x/9axbcsph/war-sm.jpg', 'good', '/film/lagaan-once-upon-a-time-in-india/', NULL),
(288, 'The Sixth Sense', 'https://cdn.moviestillsdb.com/i/160x/kdi7npzn/the-sixth-sense-sm.jpg', 'https://cdn.moviestillsdb.com/i/160x/1zumzkvb/the-sixth-sense-sm.jpg', 'https://cdn.moviestillsdb.com/i/160x/zmeka7z2/the-sixth-sense-sm.jpg', 'https://cdn.moviestillsdb.com/i/160x/kdi7npzn/the-sixth-sense-sm.jpg', 'good', '/film/the-sixth-sense/', NULL),
(290, 'Die Truman Show', 'https://cdn.moviestillsdb.com/i/160x/0v0tlmuk/the-truman-show-sm.jpg', 'https://cdn.moviestillsdb.com/i/160x/tmymwu07/the-truman-show-sm.jpg', 'https://cdn.moviestillsdb.com/i/160x/o3z3p6ya/the-truman-show-sm.jpg', 'https://cdn.moviestillsdb.com/i/160x/7j6ssogj/the-truman-show-sm.jpg', 'good', '/film/the-truman-show/', NULL),
(291, 'Schwarze Katze, weißer Kater', 'https://cdn.moviestillsdb.com/i/160x/xqxlwzae/white-oleander-sm.jpg', 'https://cdn.moviestillsdb.com/i/160x/jy10ytax/white-oleander-sm.jpg', 'https://cdn.moviestillsdb.com/i/160x/cg7t7k09/white-oleander-sm.jpg', 'https://cdn.moviestillsdb.com/i/160x/fqtwtikj/white-oleander-sm.jpg', 'good', '/film/black-sheep/', NULL),
(292, 'The Big Lebowski', 'https://cdn.moviestillsdb.com/i/160x/8ja6xcnv/the-big-lebowski-sm.jpg', 'https://cdn.moviestillsdb.com/i/160x/kjzzfknk/the-big-lebowski-sm.jpg', 'https://cdn.moviestillsdb.com/i/160x/7ridbuir/the-big-lebowski-sm.jpg', 'https://cdn.moviestillsdb.com/i/160x/xl8nhooi/the-big-lebowski-sm.jpg', 'good', '/film/the-big-lebowski/', NULL),
(294, 'Trainspotting - Neue Helden', 'https://cdn.moviestillsdb.com/i/160x/o7akdlqa/trainspotting-sm.jpg', 'https://cdn.moviestillsdb.com/i/160x/8aviysqb/trainspotting-sm.jpg', 'https://cdn.moviestillsdb.com/i/160x/eqwtbz9t/trainspotting-sm.jpg', 'https://cdn.moviestillsdb.com/i/160x/z1sd6gar/trainspotting-sm.jpg', 'good', '/film/charlies-angels-2019/', NULL),
(295, 'Fargo - Blutiger Schnee', 'https://cdn.moviestillsdb.com/i/160x/d4gb7gph/fargo-sm.jpg', 'https://cdn.moviestillsdb.com/i/160x/x9wdlpky/fargo-sm.jpg', 'https://cdn.moviestillsdb.com/i/160x/d7rtt9zf/fargo-sm.jpg', 'https://cdn.moviestillsdb.com/i/160x/7fqsjgpr/fargo-sm.jpg', 'good', '/film/fargo/', NULL),
(296, 'Underground', 'https://cdn.moviestillsdb.com/i/160x/wdlip7kk/underground-aces-sm.jpg', 'https://cdn.moviestillsdb.com/i/160x/cwvnqulp/underground-aces-sm.jpg', 'https://cdn.moviestillsdb.com/i/160x/kjmrcrlm/underground-aces-sm.jpg', 'https://cdn.moviestillsdb.com/i/160x/xqw8kj1q/underground-aces-sm.jpg', 'good', '/film/underground-1995/', NULL),
(297, 'Hass', 'https://cdn.moviestillsdb.com/i/160x/qytw2p2v/hall-pass-sm.jpg', 'https://cdn.moviestillsdb.com/i/160x/e8v4eobj/hall-pass-sm.jpg', 'https://cdn.moviestillsdb.com/i/160x/ammxunq4/hall-pass-sm.jpg', 'https://cdn.moviestillsdb.com/i/160x/szu7hj4l/hall-pass-sm.jpg', 'good', '/film/hate-1920/', NULL),
(300, 'Drei Farben - Rot', 'https://cdn.moviestillsdb.com/i/160x/i0baapbc/hot-bot-sm.jpg', 'https://cdn.moviestillsdb.com/i/160x/pnnfu9ng/hot-bot-sm.jpg', 'https://cdn.moviestillsdb.com/i/160x/11suamk4/hot-bot-sm.jpg', 'https://cdn.moviestillsdb.com/i/160x/ewxlzgow/hot-bot-sm.jpg', 'good', '=', NULL),
(302, 'Jurassic Park', 'https://cdn.moviestillsdb.com/i/160x/brxg49rm/jurassic-park-sm.jpg', 'https://cdn.moviestillsdb.com/i/160x/imerng6v/jurassic-park-sm.jpg', 'https://cdn.moviestillsdb.com/i/160x/s7gnztcd/jurassic-park-sm.jpg', 'https://cdn.moviestillsdb.com/i/160x/3xagv2qq/jurassic-park-sm.jpg', 'good', '/film/jurassic-park/', NULL),
(304, 'Rote Laterne', 'https://cdn.moviestillsdb.com/i/160x/xlnfqlmw/green-lantern-sm.jpg', 'https://cdn.moviestillsdb.com/i/160x/nc4wp7nc/green-lantern-sm.jpg', 'https://cdn.moviestillsdb.com/i/160x/yejmy9wi/green-lantern-sm.jpg', 'https://cdn.moviestillsdb.com/i/160x/cef1xmar/green-lantern-sm.jpg', 'good', '/film/hustler-squad/', NULL),
(305, 'Der Club der toten Dichter', 'https://cdn.moviestillsdb.com/i/160x/gcwu71fg/the-toxic-avenger-sm.jpg', 'https://cdn.moviestillsdb.com/i/160x/vh2n1yv7/the-toxic-avenger-sm.jpg', 'https://cdn.moviestillsdb.com/i/160x/o0uhsx6g/the-toxic-avenger-sm.jpg', 'https://cdn.moviestillsdb.com/i/160x/ffaclj6c/the-toxic-avenger-sm.jpg', 'good', '=', NULL),
(306, 'Stand by Me - Das Geheimnis eines Sommers', 'https://cdn.moviestillsdb.com/i/160x/ajacfqe9/das-perfekte-geheimnis-sm.jpg', 'https://cdn.moviestillsdb.com/i/160x/ciexvof2/das-perfekte-geheimnis-sm.jpg', 'https://cdn.moviestillsdb.com/i/160x/d6dgfqlx/das-perfekte-geheimnis-sm.jpg', 'https://cdn.moviestillsdb.com/i/160x/se8evqsu/das-perfekte-geheimnis-sm.jpg', 'good', '/film/stand-by-me/', NULL),
(307, 'Platoon', 'https://cdn.moviestillsdb.com/i/160x/mbstkedv/platoon-sm.jpg', 'https://cdn.moviestillsdb.com/i/160x/rnzvna0y/platoon-sm.jpg', 'https://cdn.moviestillsdb.com/i/160x/6u1lf03u/platoon-sm.jpg', 'https://cdn.moviestillsdb.com/i/160x/l1bva3ye/platoon-sm.jpg', 'good', '/film/platoon/', NULL),
(308, 'Paris, Texas', 'https://cdn.moviestillsdb.com/i/160x/lr4flyyj/paris-texas-sm.jpg', 'https://cdn.moviestillsdb.com/i/160x/2x6ycr2b/paris-texas-sm.jpg', 'https://cdn.moviestillsdb.com/i/160x/qoekvxnc/paris-texas-sm.jpg', 'https://cdn.moviestillsdb.com/i/160x/xpkjpghd/paris-texas-sm.jpg', 'good', '/film/paris-texas/', NULL),
(310, 'Das Ding aus einer anderen Welt', 'https://cdn.moviestillsdb.com/i/160x/zpgdntnj/das-leben-der-anderen-sm.jpg', 'https://cdn.moviestillsdb.com/i/160x/mdfh36xz/das-leben-der-anderen-sm.jpg', '', '', 'good', '=', NULL),
(313, 'Fanny und Alexander', 'https://cdn.moviestillsdb.com/i/160x/fvqy9rbq/fanny-and-alexander-sm.jpg', 'https://cdn.moviestillsdb.com/i/160x/zfzujfdu/fanny-and-alexander-sm.jpg', 'https://cdn.moviestillsdb.com/i/160x/tibpr9tf/fanny-and-alexander-sm.jpg', 'https://cdn.moviestillsdb.com/i/160x/ibdi3wt6/fanny-and-alexander-sm.jpg', 'good', '/film/fanny-and-alexander/', NULL),
(314, 'Der Blade Runner', 'https://cdn.moviestillsdb.com/i/160x/zkgavtq7/blade-runner-sm.jpg', 'https://cdn.moviestillsdb.com/i/160x/etoh6n7r/blade-runner-sm.jpg', 'https://cdn.moviestillsdb.com/i/160x/ck5ssdny/blade-runner-sm.jpg', 'https://cdn.moviestillsdb.com/i/160x/ck5ssdny/blade-runner-sm.jpg', 'good', '/film/blade-runner/', NULL),
(318, 'Rocky', 'https://cdn.moviestillsdb.com/i/160x/vm6mkani/rocky-sm.jpg', 'https://cdn.moviestillsdb.com/i/160x/rmzdc9av/rocky-sm.jpg', 'https://cdn.moviestillsdb.com/i/160x/9nkdykcj/rocky-sm.jpg', 'https://cdn.moviestillsdb.com/i/160x/4esgxbg5/rocky-sm.jpg', 'good', '/film/rocky/', NULL),
(320, 'Barry Lyndon', 'https://cdn.moviestillsdb.com/i/160x/ykuuyjnf/barry-lyndon-sm.jpg', 'https://cdn.moviestillsdb.com/i/160x/k0wnvk4a/barry-lyndon-sm.jpg', 'https://cdn.moviestillsdb.com/i/160x/6tzaodmu/barry-lyndon-sm.jpg', 'https://cdn.moviestillsdb.com/i/160x/w824zwip/barry-lyndon-sm.jpg', 'good', '/film/barry-lyndon/', NULL),
(322, 'Chinatown', 'https://cdn.moviestillsdb.com/i/160x/gn1e70gz/chinatown-sm.jpg', 'https://cdn.moviestillsdb.com/i/160x/bv9zvjj1/chinatown-sm.jpg', 'https://cdn.moviestillsdb.com/i/160x/gn1e70gz/chinatown-sm.jpg', 'https://cdn.moviestillsdb.com/i/160x/ihhmbu5t/chinatown-sm.jpg', 'good', '/film/chinatown/', NULL),
(325, 'Solaris', 'https://cdn.moviestillsdb.com/i/160x/vgmixk6t/solaris-sm.jpg', 'https://cdn.moviestillsdb.com/i/160x/pmjswqzw/solaris-sm.jpg', 'https://cdn.moviestillsdb.com/i/160x/xtgjjerr/solaris-sm.jpg', 'https://cdn.moviestillsdb.com/i/160x/i6hmmbg5/solaris-sm.jpg', 'good', '/film/solaris/', NULL),
(326, 'Der eiskalte Engel', 'https://cdn.moviestillsdb.com/i/160x/2xp1irhz/winter-ridge-sm.jpg', 'https://cdn.moviestillsdb.com/i/160x/hhaqqy68/der-raub-der-mona-lisa-sm.jpg', 'https://cdn.moviestillsdb.com/i/160x/09uv2zlz/winter-ridge-sm.jpg', '', 'good', '/film/le-samourai/', NULL),
(328, 'Persona', 'https://cdn.moviestillsdb.com/i/160x/8gbgujn3/persona-sm.jpg', 'https://cdn.moviestillsdb.com/i/160x/4pu8oj1s/persona-sm.jpg', 'https://cdn.moviestillsdb.com/i/160x/3w4xg2ri/persona-sm.jpg', 'https://cdn.moviestillsdb.com/i/160x/grsmpd5q/persona-sm.jpg', 'good', '/film/persona/', NULL),
(330, 'Schlacht um Algier', 'https://cdn.moviestillsdb.com/i/160x/zljdkrp8/algiers-sm.jpg', 'https://cdn.moviestillsdb.com/i/160x/g3xxtnoq/algiers-sm.jpg', 'https://cdn.moviestillsdb.com/i/160x/xln8suo7/algiers-sm.jpg', 'https://cdn.moviestillsdb.com/i/160x/dwmyuoqv/algiers-sm.jpg', 'good', '/film/the-battle-of-algiers/', NULL),
(332, 'Was geschah wirklich mit Baby Jane?', 'https://cdn.moviestillsdb.com/i/160x/1xwsiqj2/baby-baby-baby-sm.jpg', 'https://cdn.moviestillsdb.com/i/160x/y6qkr3uy/baby-baby-baby-sm.jpg', 'https://cdn.moviestillsdb.com/i/160x/mky05dkw/baby-baby-baby-sm.jpg', 'https://cdn.moviestillsdb.com/i/160x/yudip5hv/baby-baby-baby-sm.jpg', 'good', '/film/what-ever-happened-to-baby-jane/', NULL),
(337, 'Wer den Wind sät', 'https://cdn.moviestillsdb.com/i/160x/i7yzzj91/wer-sm.jpg', 'https://cdn.moviestillsdb.com/i/160x/oe1wxd6h/wer-sm.jpg', 'https://cdn.moviestillsdb.com/i/160x/eisjo1gc/wer-sm.jpg', 'https://cdn.moviestillsdb.com/i/160x/niane46y/wer-sm.jpg', 'good', '/film/straw-dogs/', NULL),
(341, 'Dein Schicksal in meiner Hand', 'https://cdn.moviestillsdb.com/i/160x/hryvpkda/campus-man-sm.jpg', 'https://cdn.moviestillsdb.com/i/160x/a1k2qh9t/campus-man-sm.jpg', 'https://cdn.moviestillsdb.com/i/160x/jxw5fgby/campus-man-sm.jpg', 'https://cdn.moviestillsdb.com/i/160x/l4r5bama/campus-man-sm.jpg', 'good', '/film/mr-woodcock/', NULL),
(346, 'Lohn der Angst', 'https://cdn.moviestillsdb.com/i/160x/eqqnnkmr/angst-sm.jpg', 'https://cdn.moviestillsdb.com/i/160x/9k2hyusz/angst-sm.jpg', 'https://cdn.moviestillsdb.com/i/160x/3kcbtvzg/angst-sm.jpg', 'https://cdn.moviestillsdb.com/i/160x/xe4hcigb/angst-sm.jpg', 'good', '/film/the-wages-of-fear/', NULL),
(361, 'Shoplifters - Familienbande', 'https://cdn.moviestillsdb.com/i/160x/03msgen9/shoplifters-sm.jpg', 'https://cdn.moviestillsdb.com/i/160x/ehxizegr/shoplifters-sm.jpg', 'https://cdn.moviestillsdb.com/i/160x/zylktnj7/shoplifters-sm.jpg', 'https://cdn.moviestillsdb.com/i/160x/qp2exhdr/shoplifters-sm.jpg', 'good', '=', NULL),
(364, 'Togo', 'https://cdn.moviestillsdb.com/i/160x/wdpo5r6h/tolo-tolo-sm.jpg', 'https://cdn.moviestillsdb.com/i/160x/l2erimtn/tolo-tolo-sm.jpg', 'https://cdn.moviestillsdb.com/i/160x/ent8lzsk/tolo-tolo-sm.jpg', 'https://cdn.moviestillsdb.com/i/160x/l2goeyt8/tolo-tolo-sm.jpg', 'good', '/film/togo/', NULL),
(367, 'Baby', 'https://cdn.moviestillsdb.com/i/160x/irhc1ay6/gaby-baby-doll-sm.jpg', 'https://cdn.moviestillsdb.com/i/160x/yzo1cah2/gaby-baby-doll-sm.jpg', 'https://cdn.moviestillsdb.com/i/160x/yudbxarq/gaby-baby-doll-sm.jpg', 'https://cdn.moviestillsdb.com/i/160x/bpweg8mk/gaby-baby-doll-sm.jpg', 'good', '/film/robin-b-hood/', NULL),
(372, 'Baahubali', 'https://cdn.moviestillsdb.com/i/160x/ffd0aeym/baahubali-the-beginning-sm.jpg', 'https://cdn.moviestillsdb.com/i/160x/btzumabe/baahubali-the-beginning-sm.jpg', 'https://cdn.moviestillsdb.com/i/160x/aggecokj/baahubali-the-beginning-sm.jpg', 'https://cdn.moviestillsdb.com/i/160x/wd3dnvb5/baahubali-the-beginning-sm.jpg', 'good', '/film/bahubali-the-beginning/', NULL),
(374, 'Wunder', 'https://cdn.moviestillsdb.com/i/160x/45ydn4hb/wonder-sm.jpg', 'https://cdn.moviestillsdb.com/i/160x/xpdqolcd/wonder-sm.jpg', 'https://cdn.moviestillsdb.com/i/160x/ma9xo9qf/wonder-sm.jpg', 'https://cdn.moviestillsdb.com/i/160x/tcuctwwp/wonder-sm.jpg', 'good', '/film/wonder-2017/', NULL),
(380, 'Guardians of the Galaxy', 'https://cache.moviestillsdb.com/i/160x/c8dv9tq7/guardians-of-the-galaxy-sm.jpg', 'https://cache.moviestillsdb.com/i/160x/2sb4wfcu/guardians-of-the-galaxy-sm.jpg', 'https://cache.moviestillsdb.com/i/160x/nqyntspp/guardians-of-the-galaxy-sm.jpg', 'https://cache.moviestillsdb.com/i/160x/xsb09del/guardians-of-the-galaxy-sm.jpg', 'good', '/film/guardians-of-the-galaxy/', NULL),
(382, 'Her', 'https://cdn.moviestillsdb.com/i/160x/vkspg8m8/her-sm.jpg', 'https://cdn.moviestillsdb.com/i/160x/qxnha6mm/her-sm.jpg', 'https://cdn.moviestillsdb.com/i/160x/gfjkypcp/her-sm.jpg', 'https://cdn.moviestillsdb.com/i/160x/xge8dlpg/her-sm.jpg', 'good', '/film/her/', NULL),
(383, 'Bohemian Rhapsody', 'https://cdn.moviestillsdb.com/i/160x/hwzoqr3z/bohemian-rhapsody-sm.jpg', 'https://cdn.moviestillsdb.com/i/160x/rian1tuj/bohemian-rhapsody-sm.jpg', 'https://cdn.moviestillsdb.com/i/160x/l2lgvamm/bohemian-rhapsody-sm.jpg', 'https://cdn.moviestillsdb.com/i/160x/dofwoen1/bohemian-rhapsody-sm.jpg', 'good', '/film/bohemian-rhapsody/', NULL),
(387, 'The Help', 'https://cdn.moviestillsdb.com/i/160x/hs1glzh9/help-sm.jpg', 'https://cdn.moviestillsdb.com/i/160x/ngjkwvwd/help-sm.jpg', 'https://cdn.moviestillsdb.com/i/160x/dx905i4v/help-sm.jpg', 'https://cdn.moviestillsdb.com/i/160x/0cep4xes/help-sm.jpg', 'good', '/film/the-help/', NULL),
(388, 'Deadpool', 'https://cdn.moviestillsdb.com/i/160x/ropluxye/deadpool-sm.jpg', 'https://cdn.moviestillsdb.com/i/160x/l7vfkn6t/deadpool-sm.jpg', 'https://cdn.moviestillsdb.com/i/160x/uy8gxyug/deadpool-sm.jpg', 'https://cdn.moviestillsdb.com/i/160x/1iuquafl/deadpool-sm.jpg', 'good', '/film/deadpool/', NULL),
(389, 'Alles über Elly', 'https://cdn.moviestillsdb.com/i/160x/a3xerdeu/darbareye-elly-sm.jpg', 'https://cdn.moviestillsdb.com/i/160x/kwacm4l5/darbareye-elly-sm.jpg', 'https://cdn.moviestillsdb.com/i/160x/dnlmx2sm/darbareye-elly-sm.jpg', 'https://cdn.moviestillsdb.com/i/160x/vgu1kedz/darbareye-elly-sm.jpg', 'good', '/film/about-elly/', NULL),
(394, 'Slumdog Millionär', 'https://cdn.moviestillsdb.com/i/160x/lwkzkhsm/slumdog-millionaire-sm.jpg', 'https://cdn.moviestillsdb.com/i/160x/znsfsx7f/slumdog-millionaire-sm.jpg', 'https://cdn.moviestillsdb.com/i/160x/pz1yoljp/slumdog-millionaire-sm.jpg', 'https://cdn.moviestillsdb.com/i/160x/anrp8ktv/slumdog-millionaire-sm.jpg', 'bad', '/film/slumdog-millionaire/', NULL),
(395, 'Black Swan', 'https://cdn.moviestillsdb.com/i/160x/hce0rv72/black-swan-sm.jpg', 'https://cdn.moviestillsdb.com/i/160x/cypjbsem/black-swan-sm.jpg', 'https://cdn.moviestillsdb.com/i/160x/0u29mrmb/black-swan-sm.jpg', 'https://cdn.moviestillsdb.com/i/160x/yw4ajqw9/black-swan-sm.jpg', 'good', '/film/black-swan/', NULL),
(396, 'The Avengers', 'https://cache.moviestillsdb.com/i/160x/qcbwyfs4/the-avengers-sm.jpg', 'https://cache.moviestillsdb.com/i/160x/hutzsarj/the-avengers-sm.jpg', 'https://cache.moviestillsdb.com/i/160x/rvmurynp/the-avengers-sm.jpg', 'https://cache.moviestillsdb.com/i/160x/dbwqg7ab/the-avengers-sm.jpg', 'good', '/film/the-avengers-2012/', NULL),
(397, 'Persepolis', 'https://cdn.moviestillsdb.com/i/160x/eqheq5rw/persepolis-sm.jpg', 'https://cdn.moviestillsdb.com/i/160x/okrzltpa/persepolis-sm.jpg', 'https://cdn.moviestillsdb.com/i/160x/hwh7q41v/persepolis-sm.jpg', 'https://cdn.moviestillsdb.com/i/160x/jvikvpli/persepolis-sm.jpg', 'good', '/film/persepolis/', NULL),
(398, 'Dallas Buyers Club', 'https://cdn.moviestillsdb.com/i/160x/ymgjw7d0/dallas-buyers-club-sm.jpg', 'https://cdn.moviestillsdb.com/i/160x/marfgkoy/dallas-buyers-club-sm.jpg', 'https://cdn.moviestillsdb.com/i/160x/rfaxo0u6/dallas-buyers-club-sm.jpg', 'https://cdn.moviestillsdb.com/i/160x/exslwjiq/dallas-buyers-club-sm.jpg', 'good', '/film/dallas-buyers-club/', NULL),
(400, 'Blood Diamond', 'https://cdn.moviestillsdb.com/i/160x/nvcxdyr6/blood-diamond-sm.jpg', 'https://cdn.moviestillsdb.com/i/160x/xvvfdwee/blood-diamond-sm.jpg', 'https://cdn.moviestillsdb.com/i/160x/3ufqu8ga/blood-diamond-sm.jpg', 'https://cdn.moviestillsdb.com/i/160x/62jjirxf/blood-diamond-sm.jpg', 'good', '/film/blood-diamond/', NULL),
(401, 'Das Bourne Ultimatum', 'https://cdn.moviestillsdb.com/i/160x/rovxo4wn/the-bourne-ultimatum-sm.jpg', 'https://cdn.moviestillsdb.com/i/160x/9fwalkdk/the-bourne-ultimatum-sm.jpg', 'https://cdn.moviestillsdb.com/i/160x/jfdr8pd8/the-bourne-ultimatum-sm.jpg', 'https://cdn.moviestillsdb.com/i/160x/l5apxdgi/the-bourne-ultimatum-sm.jpg', 'good', '/film/the-bourne-ultimatum/', NULL),
(403, 'Sin City', 'https://cdn.moviestillsdb.com/i/160x/jad1z7b8/sin-city-sm.jpg', 'https://cdn.moviestillsdb.com/i/160x/oxpuj8bx/sin-city-sm.jpg', 'https://cdn.moviestillsdb.com/i/160x/msomzztn/sin-city-sm.jpg', 'https://cdn.moviestillsdb.com/i/160x/i6665k6z/sin-city-sm.jpg', 'good', '/film/sin-city/', NULL),
(405, 'G.O.R.A.', 'https://cdn.moviestillsdb.com/i/160x/lidelsfi/gora-sm.jpg', 'https://cdn.moviestillsdb.com/i/160x/m1khvv5h/gora-sm.jpg', 'https://cdn.moviestillsdb.com/i/160x/yxspzdnu/gora-sm.jpg', 'https://cdn.moviestillsdb.com/i/160x/gwfkpuab/gora-sm.jpg', 'good', '/film/gora/', NULL),
(408, 'Kill Bill: Vol. 2', 'https://cdn.moviestillsdb.com/i/160x/rgnbmdbc/kill-bill-vol-1-sm.jpg', 'https://cdn.moviestillsdb.com/i/160x/iych3xgf/kill-bill-vol-1-sm.jpg', 'https://cdn.moviestillsdb.com/i/160x/wogdoprf/kill-bill-vol-1-sm.jpg', 'https://cdn.moviestillsdb.com/i/160x/rjdbaa9d/kill-bill-vol-1-sm.jpg', 'good', '/film/kill-bill-vol-2/', NULL),
(419, 'Dogville', 'https://cdn.moviestillsdb.com/i/160x/afdmqpph/dogville-sm.jpg', 'https://cdn.moviestillsdb.com/i/160x/kfhd8utb/dogville-sm.jpg', 'https://cdn.moviestillsdb.com/i/160x/oxjfb48y/dogville-sm.jpg', 'https://cdn.moviestillsdb.com/i/160x/rmneyeki/dogville-sm.jpg', 'good', '/film/dogville/', NULL),
(421, 'Donnie Darko', 'https://cdn.moviestillsdb.com/i/160x/rfk2fdvr/donnie-darko-sm.jpg', 'https://cdn.moviestillsdb.com/i/160x/ngskaioo/donnie-darko-sm.jpg', 'https://cdn.moviestillsdb.com/i/160x/glfp90pw/donnie-darko-sm.jpg', 'https://cdn.moviestillsdb.com/i/160x/o9nrfp2m/donnie-darko-sm.jpg', 'good', '/film/donnie-darko/', NULL),
(422, 'Magnolia', 'https://cdn.moviestillsdb.com/i/160x/vnsv7sw7/magnolia-sm.jpg', 'https://cdn.moviestillsdb.com/i/160x/lzupu4fw/magnolia-sm.jpg', 'https://cdn.moviestillsdb.com/i/160x/2youisn1/magnolia-sm.jpg', 'https://cdn.moviestillsdb.com/i/160x/9uie6cah/magnolia-sm.jpg', 'good', '/film/magnolia/', NULL),
(423, 'Dancer in the Dark', 'https://cdn.moviestillsdb.com/i/160x/ag7ofjgj/dancer-in-the-dark-sm.jpg', 'https://cdn.moviestillsdb.com/i/160x/wtxmjwse/dancer-in-the-dark-sm.jpg', 'https://cdn.moviestillsdb.com/i/160x/mtjkwozo/dancer-in-the-dark-sm.jpg', 'https://cdn.moviestillsdb.com/i/160x/c7smt9l1/dancer-in-the-dark-sm.jpg', 'good', '/film/dancer-in-the-dark/', NULL),
(425, 'Perfect Blue', 'https://cdn.moviestillsdb.com/i/160x/hbq6ouqr/perfect-blue-sm.jpg', 'https://cdn.moviestillsdb.com/i/160x/sn6awomc/perfect-blue-sm.jpg', 'https://cdn.moviestillsdb.com/i/160x/2vh5ej9g/perfect-blue-sm.jpg', 'https://cdn.moviestillsdb.com/i/160x/wdvfndno/perfect-blue-sm.jpg', 'good', '/film/perfect-blue/', NULL),
(427, 'Central Station', 'https://cdn.moviestillsdb.com/i/160x/1mlrznnk/central-do-brasil-sm.jpg', 'https://cdn.moviestillsdb.com/i/160x/x3wq5icr/central-do-brasil-sm.jpg', 'https://cdn.moviestillsdb.com/i/160x/jbpdsalt/central-do-brasil-sm.jpg', 'https://cdn.moviestillsdb.com/i/160x/rjrlp4kj/central-do-brasil-sm.jpg', 'good', '/film/central-station/', NULL);
INSERT INTO `4movies1word_movies` (`id`, `title`, `thumbnail1`, `thumbnail2`, `thumbnail3`, `thumbnail4`, `status`, `letterboxd`, `user_id`) VALUES
(429, 'Sling Blade - Auf Messers Schneide', 'https://cdn.moviestillsdb.com/i/160x/rivwe3jk/blade-sm.jpg', 'https://cdn.moviestillsdb.com/i/160x/ek1zr67n/blade-sm.jpg', 'https://cdn.moviestillsdb.com/i/160x/eahdqhti/blade-sm.jpg', 'https://cdn.moviestillsdb.com/i/160x/hicrd1gx/blade-sm.jpg', 'good', '/film/sling-blade/', NULL),
(432, 'Ghost in the Shell', 'https://cdn.moviestillsdb.com/i/160x/toyj0qzq/ghost-in-the-shell-sm.jpg', 'https://cdn.moviestillsdb.com/i/160x/tdcaxlrw/ghost-in-the-shell-sm.jpg', 'https://cdn.moviestillsdb.com/i/160x/cawphf31/ghost-in-the-shell-sm.jpg', 'https://cdn.moviestillsdb.com/i/160x/znxdy3t2/ghost-in-the-shell-sm.jpg', 'good', '/film/ghost-in-the-shell/', NULL),
(436, 'Der Duft der Frauen', 'https://cdn.moviestillsdb.com/i/160x/7qhdimmh/what-women-want-sm.jpg', 'https://cdn.moviestillsdb.com/i/160x/aq7vnf8x/what-women-want-sm.jpg', 'https://cdn.moviestillsdb.com/i/160x/lbrbkzyd/what-women-want-sm.jpg', 'https://cdn.moviestillsdb.com/i/160x/klixj14z/what-women-want-sm.jpg', 'bad', '/film/scent-of-a-woman/', NULL),
(438, 'Rush', 'https://cdn.moviestillsdb.com/i/160x/9axwomq2/rush-sm.jpg', 'https://cdn.moviestillsdb.com/i/160x/wmlyrv5r/rush-sm.jpg', 'https://cdn.moviestillsdb.com/i/160x/j2kaddj2/rush-sm.jpg', 'https://cdn.moviestillsdb.com/i/160x/19lschsm/rush-sm.jpg', 'good', '/film/rush-2013/', 17),
(439, 'Blade Runner', 'https://cdn.moviestillsdb.com/i/160x/crypesdg/blade-runner-sm.jpg', 'https://cdn.moviestillsdb.com/i/160x/ck5ssdny/blade-runner-sm.jpg', 'https://cdn.moviestillsdb.com/i/160x/3buo7my5/blade-runner-sm.jpg', 'https://cdn.moviestillsdb.com/i/160x/uyg7pbuv/blade-runner-sm.jpg', 'good', '/film/blade-runner/', 23),
(446, 'The third man', 'https://cdn.moviestillsdb.com/i/160x/ysiomit7/the-third-man-sm.jpg', 'https://cdn.moviestillsdb.com/i/160x/pf4fok2h/the-third-man-sm.jpg', 'https://cdn.moviestillsdb.com/i/160x/s7wvljmh/the-third-man-sm.jpg', 'https://cdn.moviestillsdb.com/i/160x/nxtt1de5/the-third-man-sm.jpg', 'good', '/film/the-third-man/', 17);

-- --------------------------------------------------------

--
-- Tabellenstruktur für Tabelle `4movies1word_rounds`
--

CREATE TABLE `4movies1word_rounds` (
  `user_id` int(11) NOT NULL,
  `movie_id` int(11) NOT NULL,
  `success` tinyint(1) NOT NULL,
  `iat` datetime NOT NULL DEFAULT CURRENT_TIMESTAMP,
  `id` int(11) NOT NULL
) ENGINE=InnoDB DEFAULT CHARSET=utf8;

--
-- Daten für Tabelle `4movies1word_rounds`
--

INSERT INTO `4movies1word_rounds` (`user_id`, `movie_id`, `success`, `iat`, `id`) VALUES
(15, 7, 1, '2020-12-21 22:41:05', 30),
(15, 7, 1, '2020-12-21 22:41:06', 31),
(15, 15, 1, '2020-12-21 22:41:27', 32),
(14, 30, 1, '2020-12-21 22:41:31', 33),
(15, 181, 1, '2020-12-21 22:41:34', 34),
(15, 181, 1, '2020-12-21 22:41:34', 35),
(14, 33, 1, '2020-12-21 22:41:40', 36),
(14, 33, 1, '2020-12-21 22:41:40', 37),
(17, 26, 1, '2020-12-21 22:42:11', 38),
(17, 26, 1, '2020-12-21 22:42:12', 39),
(15, 45, 1, '2020-12-21 22:42:18', 40),
(15, 45, 1, '2020-12-21 22:42:19', 41),
(18, 71, 1, '2020-12-21 22:42:23', 42),
(18, 71, 1, '2020-12-21 22:42:23', 43),
(17, 88, 1, '2020-12-21 22:42:25', 44),
(17, 88, 1, '2020-12-21 22:42:25', 45),
(15, 64, 1, '2020-12-21 22:42:31', 46),
(15, 64, 1, '2020-12-21 22:42:31', 47),
(18, 95, 0, '2020-12-21 22:43:10', 48),
(17, 33, 1, '2020-12-21 22:43:10', 49),
(18, 95, 1, '2020-12-21 22:43:11', 50),
(18, 61, 0, '2020-12-21 22:43:13', 51),
(18, 61, 1, '2020-12-21 22:43:13', 52),
(17, 161, 0, '2020-12-21 22:43:21', 53),
(17, 161, 1, '2020-12-21 22:43:22', 54),
(15, 106, 1, '2020-12-21 22:43:27', 55),
(15, 166, 1, '2020-12-21 22:43:34', 56),
(15, 166, 0, '2020-12-21 22:43:35', 57),
(17, 209, 1, '2020-12-21 22:43:48', 58),
(18, 20, 0, '2020-12-21 22:43:56', 59),
(15, 90, 0, '2020-12-21 22:44:06', 60),
(15, 88, 0, '2020-12-21 22:44:19', 61),
(18, 4, 0, '2020-12-21 22:44:26', 62),
(15, 136, 0, '2020-12-21 22:45:19', 63),
(15, 132, 0, '2020-12-21 22:45:29', 64),
(18, 210, 1, '2020-12-21 22:45:30', 65),
(15, 30, 1, '2020-12-21 22:46:25', 66),
(17, 4, 1, '2020-12-21 22:47:02', 67),
(17, 170, 1, '2020-12-21 22:47:15', 68),
(17, 130, 0, '2020-12-21 22:47:29', 69),
(15, 213, 1, '2020-12-21 22:47:32', 70),
(15, 154, 0, '2020-12-21 22:47:54', 71),
(17, 92, 1, '2020-12-21 22:48:09', 72),
(17, 166, 0, '2020-12-21 22:48:26', 73),
(15, 77, 1, '2020-12-21 22:48:36', 74),
(15, 199, 0, '2020-12-21 22:48:40', 75),
(17, 105, 0, '2020-12-21 22:48:45', 76),
(17, 130, 1, '2020-12-21 22:49:05', 77),
(17, 192, 0, '2020-12-21 22:49:38', 78),
(15, 175, 0, '2020-12-21 22:50:05', 79),
(17, 98, 0, '2020-12-21 22:50:27', 80),
(15, 60, 0, '2020-12-21 22:50:31', 81),
(17, 156, 0, '2020-12-21 22:50:38', 82),
(15, 179, 0, '2020-12-21 22:50:41', 83),
(17, 20, 1, '2020-12-21 22:51:00', 84),
(15, 15, 1, '2020-12-21 22:51:11', 85),
(17, 223, 0, '2020-12-21 22:51:34', 86),
(17, 36, 0, '2020-12-21 22:51:44', 87),
(15, 176, 1, '2020-12-21 22:52:15', 88),
(15, 102, 0, '2020-12-21 22:52:30', 89),
(17, 225, 1, '2020-12-21 22:53:09', 90),
(15, 130, 0, '2020-12-21 22:53:11', 91),
(17, 219, 1, '2020-12-21 22:53:27', 92),
(15, 66, 0, '2020-12-21 22:53:33', 93),
(15, 16, 0, '2020-12-21 22:53:48', 94),
(17, 29, 1, '2020-12-21 22:54:06', 95),
(15, 54, 0, '2020-12-21 22:54:09', 96),
(15, 24, 1, '2020-12-21 22:54:31', 97),
(15, 175, 0, '2020-12-21 22:54:39', 98),
(17, 224, 0, '2020-12-21 22:54:54', 99),
(15, 125, 0, '2020-12-21 22:54:55', 100),
(17, 29, 1, '2020-12-21 22:55:16', 101),
(15, 58, 0, '2020-12-21 22:55:54', 102),
(15, 222, 0, '2020-12-21 22:56:02', 103),
(17, 30, 1, '2020-12-21 22:56:11', 104),
(17, 160, 1, '2020-12-21 22:56:37', 105),
(15, 82, 0, '2020-12-21 22:56:39', 106),
(17, 83, 1, '2020-12-21 22:56:46', 107),
(17, 76, 0, '2020-12-21 22:56:54', 108),
(15, 205, 0, '2020-12-21 22:56:57', 109),
(17, 205, 0, '2020-12-21 22:57:05', 110),
(15, 166, 0, '2020-12-21 22:57:12', 111),
(17, 72, 0, '2020-12-21 22:57:56', 112),
(15, 51, 0, '2020-12-21 22:58:09', 113),
(15, 30, 1, '2020-12-21 22:58:32', 114),
(15, 179, 0, '2020-12-21 22:58:36', 115),
(15, 196, 0, '2020-12-21 22:58:42', 116),
(15, 188, 0, '2020-12-21 22:59:19', 117),
(17, 47, 1, '2020-12-21 22:59:22', 118),
(15, 25, 0, '2020-12-21 22:59:33', 119),
(15, 70, 1, '2020-12-21 22:59:54', 120),
(17, 70, 1, '2020-12-21 23:00:07', 121),
(17, 32, 0, '2020-12-21 23:00:55', 122),
(15, 32, 0, '2020-12-21 23:01:06', 123),
(17, 50, 0, '2020-12-21 23:01:44', 124),
(15, 28, 0, '2020-12-21 23:01:54', 125),
(15, 71, 0, '2020-12-21 23:02:22', 126),
(15, 55, 0, '2020-12-21 23:02:30', 127),
(17, 55, 0, '2020-12-21 23:02:48', 128),
(15, 65, 0, '2020-12-21 23:02:52', 129),
(15, 225, 1, '2020-12-21 23:03:10', 130),
(17, 77, 1, '2020-12-21 23:03:27', 131),
(15, 213, 1, '2020-12-21 23:03:33', 132),
(17, 76, 1, '2020-12-21 23:03:42', 133),
(15, 6, 1, '2020-12-21 23:03:44', 134),
(17, 4, 1, '2020-12-21 23:03:54', 135),
(17, 136, 0, '2020-12-21 23:04:02', 136),
(15, 166, 0, '2020-12-21 23:04:07', 137),
(15, 11, 0, '2020-12-21 23:04:19', 138),
(17, 213, 1, '2020-12-21 23:04:28', 139),
(17, 59, 1, '2020-12-21 23:04:40', 140),
(15, 53, 1, '2020-12-21 23:05:03', 141),
(15, 148, 0, '2020-12-21 23:05:15', 142),
(19, 70, 0, '2020-12-21 23:05:36', 143),
(15, 82, 1, '2020-12-21 23:05:42', 144),
(19, 224, 0, '2020-12-21 23:05:52', 145),
(17, 34, 1, '2020-12-21 23:06:25', 146),
(15, 76, 0, '2020-12-21 23:06:39', 147),
(17, 76, 0, '2020-12-21 23:06:40', 148),
(19, 105, 0, '2020-12-21 23:06:46', 149),
(19, 105, 0, '2020-12-21 23:06:50', 150),
(15, 92, 1, '2020-12-21 23:07:01', 151),
(19, 42, 1, '2020-12-21 23:07:06', 152),
(19, 173, 0, '2020-12-21 23:07:36', 153),
(15, 5, 1, '2020-12-21 23:07:38', 154),
(15, 169, 0, '2020-12-21 23:07:42', 155),
(19, 35, 0, '2020-12-21 23:07:45', 156),
(17, 206, 0, '2020-12-21 23:07:57', 157),
(15, 173, 0, '2020-12-21 23:07:57', 158),
(15, 136, 0, '2020-12-21 23:08:04', 159),
(17, 81, 1, '2020-12-21 23:08:59', 160),
(15, 158, 0, '2020-12-21 23:09:29', 161),
(17, 226, 1, '2020-12-21 23:10:00', 162),
(17, 174, 0, '2020-12-21 23:10:13', 163),
(17, 151, 1, '2020-12-21 23:10:43', 164),
(17, 109, 1, '2020-12-21 23:10:56', 165),
(17, 115, 1, '2020-12-21 23:11:20', 166),
(17, 131, 1, '2020-12-21 23:11:36', 167),
(17, 209, 1, '2020-12-21 23:11:54', 168),
(17, 89, 0, '2020-12-21 23:12:01', 169),
(17, 77, 1, '2020-12-21 23:12:34', 170),
(17, 42, 1, '2020-12-21 23:12:44', 171),
(17, 28, 0, '2020-12-21 23:14:11', 172),
(17, 46, 1, '2020-12-21 23:14:40', 173),
(17, 149, 0, '2020-12-21 23:15:00', 174),
(17, 210, 1, '2020-12-21 23:15:17', 175),
(17, 72, 1, '2020-12-21 23:15:56', 176),
(17, 24, 1, '2020-12-21 23:16:06', 177),
(21, 77, 1, '2020-12-21 23:16:18', 178),
(17, 179, 0, '2020-12-21 23:16:41', 179),
(17, 61, 0, '2020-12-21 23:17:19', 180),
(17, 212, 0, '2020-12-21 23:17:26', 181),
(17, 102, 0, '2020-12-21 23:17:42', 182),
(19, 31, 0, '2020-12-21 23:17:44', 183),
(19, 25, 0, '2020-12-21 23:17:49', 184),
(19, 46, 0, '2020-12-21 23:17:53', 185),
(19, 71, 0, '2020-12-21 23:18:03', 186),
(19, 79, 0, '2020-12-21 23:18:11', 187),
(19, 160, 0, '2020-12-21 23:18:18', 188),
(19, 19, 0, '2020-12-21 23:18:22', 189),
(19, 61, 0, '2020-12-21 23:18:26', 190),
(17, 141, 0, '2020-12-21 23:18:27', 191),
(19, 74, 0, '2020-12-21 23:18:29', 192),
(17, 112, 0, '2020-12-21 23:19:00', 193),
(19, 74, 0, '2020-12-21 23:19:55', 194),
(17, 6, 1, '2020-12-21 23:19:58', 195),
(19, 164, 0, '2020-12-21 23:20:16', 196),
(19, 78, 0, '2020-12-21 23:20:27', 197),
(17, 11, 1, '2020-12-21 23:20:39', 198),
(19, 77, 0, '2020-12-21 23:20:41', 199),
(19, 24, 0, '2020-12-21 23:21:04', 200),
(17, 111, 0, '2020-12-21 23:21:09', 201),
(17, 15, 1, '2020-12-21 23:22:21', 202),
(17, 100, 1, '2020-12-21 23:22:48', 203),
(17, 217, 1, '2020-12-21 23:23:16', 204),
(19, 51, 0, '2020-12-21 23:24:30', 205),
(19, 33, 0, '2020-12-21 23:24:38', 206),
(19, 33, 0, '2020-12-21 23:24:40', 207),
(17, 79, 0, '2020-12-21 23:25:58', 208),
(17, 150, 0, '2020-12-21 23:26:16', 209),
(20, 117, 0, '2020-12-21 23:26:26', 210),
(17, 134, 0, '2020-12-21 23:26:34', 211),
(17, 82, 0, '2020-12-21 23:27:06', 212),
(17, 71, 1, '2020-12-21 23:28:00', 213),
(19, 170, 0, '2020-12-21 23:28:05', 214),
(17, 25, 0, '2020-12-21 23:29:22', 215),
(19, 67, 0, '2020-12-21 23:30:07', 216),
(19, 217, 0, '2020-12-21 23:30:37', 217),
(17, 173, 0, '2020-12-21 23:30:58', 218),
(20, 228, 0, '2020-12-21 23:31:11', 219),
(19, 81, 1, '2020-12-21 23:31:15', 220),
(19, 34, 0, '2020-12-21 23:31:33', 221),
(19, 40, 0, '2020-12-21 23:31:53', 222),
(17, 153, 1, '2020-12-21 23:32:03', 223),
(17, 40, 1, '2020-12-21 23:32:28', 224),
(17, 53, 1, '2020-12-21 23:33:14', 225),
(20, 179, 0, '2020-12-21 23:34:50', 226),
(20, 173, 0, '2020-12-21 23:35:08', 227),
(20, 107, 0, '2020-12-21 23:35:57', 228),
(17, 60, 0, '2020-12-21 23:36:30', 229),
(17, 235, 0, '2020-12-21 23:37:08', 230),
(19, 234, 0, '2020-12-21 23:37:13', 231),
(17, 228, 0, '2020-12-21 23:37:28', 232),
(17, 175, 0, '2020-12-21 23:37:38', 233),
(17, 101, 1, '2020-12-21 23:38:17', 234),
(17, 231, 0, '2020-12-21 23:38:23', 235),
(17, 107, 0, '2020-12-21 23:39:04', 236),
(17, 114, 0, '2020-12-21 23:39:31', 237),
(17, 3, 1, '2020-12-21 23:39:57', 238),
(20, 156, 0, '2020-12-21 23:40:01', 239),
(20, 67, 0, '2020-12-21 23:40:06', 240),
(20, 111, 0, '2020-12-21 23:40:14', 241),
(17, 78, 0, '2020-12-21 23:40:31', 242),
(17, 103, 0, '2020-12-21 23:40:45', 243),
(20, 160, 0, '2020-12-21 23:42:03', 244),
(17, 51, 0, '2020-12-21 23:42:12', 245),
(20, 160, 0, '2020-12-21 23:43:10', 246),
(17, 51, 0, '2020-12-21 23:43:21', 247),
(20, 92, 0, '2020-12-21 23:43:28', 248),
(17, 169, 0, '2020-12-21 23:43:33', 249),
(17, 229, 0, '2020-12-21 23:43:45', 250),
(17, 104, 0, '2020-12-21 23:44:13', 251),
(20, 211, 0, '2020-12-21 23:44:33', 252),
(17, 227, 0, '2020-12-21 23:46:06', 253),
(17, 132, 0, '2020-12-21 23:46:37', 254),
(20, 11, 0, '2020-12-21 23:47:27', 255),
(17, 80, 0, '2020-12-21 23:47:29', 256),
(17, 5, 1, '2020-12-21 23:47:57', 257),
(20, 11, 0, '2020-12-21 23:48:19', 258),
(20, 11, 0, '2020-12-21 23:48:55', 259),
(20, 175, 0, '2020-12-21 23:49:41', 260),
(17, 237, 1, '2020-12-21 23:52:28', 261),
(17, 238, 1, '2020-12-21 23:54:12', 262),
(17, 23, 1, '2020-12-21 23:54:38', 263),
(17, 159, 0, '2020-12-21 23:55:01', 264),
(17, 19, 1, '2020-12-21 23:55:46', 265),
(17, 182, 1, '2020-12-21 23:56:03', 266),
(17, 165, 0, '2020-12-21 23:56:16', 267),
(20, 109, 1, '2020-12-21 23:56:28', 268),
(17, 155, 0, '2020-12-21 23:57:34', 269),
(20, 42, 1, '2020-12-22 00:00:00', 270),
(20, 192, 0, '2020-12-22 00:01:22', 271),
(17, 117, 0, '2020-12-22 00:01:47', 272),
(20, 151, 0, '2020-12-22 00:01:48', 273),
(17, 63, 0, '2020-12-22 00:02:00', 274),
(17, 157, 0, '2020-12-22 00:03:11', 275),
(20, 42, 0, '2020-12-22 00:03:52', 276),
(20, 131, 0, '2020-12-22 00:03:55', 277),
(20, 170, 0, '2020-12-22 00:04:03', 278),
(20, 40, 0, '2020-12-22 00:04:13', 279),
(20, 51, 0, '2020-12-22 00:04:19', 280),
(17, 17, 1, '2020-12-22 00:04:26', 281),
(20, 51, 1, '2020-12-22 00:05:18', 282),
(20, 29, 0, '2020-12-22 00:05:52', 283),
(17, 31, 0, '2020-12-22 00:06:49', 284),
(17, 215, 1, '2020-12-22 00:07:23', 285),
(17, 164, 0, '2020-12-22 00:07:31', 286),
(20, 157, 0, '2020-12-22 00:08:38', 287),
(17, 186, 0, '2020-12-22 00:16:22', 288),
(17, 176, 0, '2020-12-22 00:16:32', 289),
(17, 162, 0, '2020-12-22 00:16:44', 290),
(23, 405, 0, '2020-12-22 00:20:55', 291),
(20, 261, 0, '2020-12-22 00:20:56', 292),
(17, 328, 0, '2020-12-22 00:21:21', 293),
(17, 402, 0, '2020-12-22 00:21:46', 294),
(23, 40, 1, '2020-12-22 00:22:19', 295),
(17, 295, 0, '2020-12-22 00:23:13', 296),
(23, 76, 0, '2020-12-22 00:23:50', 297),
(17, 333, 0, '2020-12-22 00:23:52', 298),
(24, 251, 0, '2020-12-22 00:23:58', 299),
(17, 253, 0, '2020-12-22 00:24:03', 300),
(23, 341, 0, '2020-12-22 00:24:11', 301),
(23, 341, 0, '2020-12-22 00:24:16', 302),
(23, 6, 1, '2020-12-22 00:24:30', 303),
(21, 249, 0, '2020-12-22 00:24:54', 304),
(17, 319, 1, '2020-12-22 00:24:56', 305),
(23, 157, 0, '2020-12-22 00:25:14', 306),
(24, 182, 0, '2020-12-22 00:25:16', 307),
(24, 162, 0, '2020-12-22 00:25:33', 308),
(17, 316, 0, '2020-12-22 00:25:33', 309),
(24, 323, 0, '2020-12-22 00:25:40', 310),
(14, 165, 0, '2020-12-22 00:25:42', 311),
(24, 136, 0, '2020-12-22 00:25:48', 312),
(14, 259, 0, '2020-12-22 00:26:14', 313),
(24, 70, 0, '2020-12-22 00:26:18', 314),
(14, 280, 0, '2020-12-22 00:26:29', 315),
(24, 161, 0, '2020-12-22 00:26:32', 316),
(23, 281, 1, '2020-12-22 00:26:39', 317),
(24, 15, 1, '2020-12-22 00:26:54', 318),
(24, 71, 0, '2020-12-22 00:27:03', 319),
(23, 136, 0, '2020-12-22 00:27:07', 320),
(14, 405, 0, '2020-12-22 00:27:42', 321),
(17, 438, 1, '2020-12-22 00:27:44', 322),
(23, 283, 1, '2020-12-22 00:27:52', 323),
(23, 261, 0, '2020-12-22 00:27:59', 324),
(24, 11, 1, '2020-12-22 00:28:01', 325),
(17, 309, 0, '2020-12-22 00:28:17', 326),
(23, 46, 0, '2020-12-22 00:28:35', 327),
(24, 256, 0, '2020-12-22 00:28:39', 328),
(24, 151, 0, '2020-12-22 00:28:47', 329),
(23, 253, 0, '2020-12-22 00:28:49', 330),
(17, 308, 0, '2020-12-22 00:28:54', 331),
(23, 319, 0, '2020-12-22 00:28:59', 332),
(23, 243, 0, '2020-12-22 00:29:14', 333),
(23, 251, 0, '2020-12-22 00:29:20', 334),
(14, 285, 0, '2020-12-22 00:29:34', 335),
(17, 372, 0, '2020-12-22 00:29:59', 336),
(25, 327, 0, '2020-12-22 00:30:04', 337),
(17, 406, 1, '2020-12-22 00:30:32', 338),
(17, 391, 0, '2020-12-22 00:30:55', 339),
(23, 11, 1, '2020-12-22 00:31:03', 340),
(25, 337, 0, '2020-12-22 00:31:04', 341),
(23, 51, 0, '2020-12-22 00:31:14', 342),
(23, 379, 0, '2020-12-22 00:31:22', 343),
(17, 268, 0, '2020-12-22 00:31:35', 344),
(23, 365, 0, '2020-12-22 00:31:43', 345),
(14, 262, 0, '2020-12-22 00:32:07', 346),
(25, 242, 1, '2020-12-22 00:32:27', 347),
(25, 421, 0, '2020-12-22 00:32:58', 348),
(24, 403, 0, '2020-12-22 00:33:02', 349),
(24, 374, 0, '2020-12-22 00:33:18', 350),
(24, 395, 1, '2020-12-22 00:33:34', 351),
(26, 132, 0, '2020-12-22 00:33:35', 352),
(26, 342, 0, '2020-12-22 00:33:45', 353),
(25, 20, 1, '2020-12-22 00:33:46', 354),
(26, 280, 0, '2020-12-22 00:34:08', 355),
(24, 227, 0, '2020-12-22 00:35:32', 356),
(24, 327, 0, '2020-12-22 00:35:35', 357),
(24, 307, 0, '2020-12-22 00:35:41', 358),
(24, 53, 1, '2020-12-22 00:36:21', 359),
(26, 267, 0, '2020-12-22 00:36:31', 360),
(17, 265, 0, '2020-12-22 00:36:35', 361),
(26, 436, 0, '2020-12-22 00:36:46', 362),
(24, 249, 0, '2020-12-22 00:36:55', 363),
(17, 397, 0, '2020-12-22 00:37:08', 364),
(23, 374, 0, '2020-12-22 00:37:17', 365),
(23, 427, 0, '2020-12-22 00:37:23', 366),
(26, 406, 1, '2020-12-22 00:37:35', 367),
(24, 382, 0, '2020-12-22 00:37:38', 368),
(26, 406, 1, '2020-12-22 00:37:39', 369),
(24, 417, 0, '2020-12-22 00:37:47', 370),
(26, 257, 0, '2020-12-22 00:37:53', 371),
(21, 40, 0, '2020-12-22 00:38:07', 372),
(26, 392, 0, '2020-12-22 00:38:11', 373),
(26, 323, 0, '2020-12-22 00:38:33', 374),
(23, 361, 0, '2020-12-22 00:38:39', 375),
(26, 101, 0, '2020-12-22 00:38:57', 376),
(21, 226, 0, '2020-12-22 00:39:05', 377),
(21, 226, 1, '2020-12-22 00:39:10', 378),
(17, 261, 0, '2020-12-22 00:39:10', 379),
(24, 60, 0, '2020-12-22 00:39:18', 380),
(24, 313, 0, '2020-12-22 00:39:23', 381),
(17, 324, 0, '2020-12-22 00:39:25', 382),
(24, 378, 0, '2020-12-22 00:39:31', 383),
(24, 19, 0, '2020-12-22 00:39:36', 384),
(24, 375, 0, '2020-12-22 00:39:44', 385),
(24, 159, 0, '2020-12-22 00:39:54', 386),
(23, 182, 0, '2020-12-22 00:39:59', 387),
(21, 248, 0, '2020-12-22 00:40:01', 388),
(24, 291, 0, '2020-12-22 00:40:18', 389),
(24, 398, 0, '2020-12-22 00:40:37', 390),
(24, 410, 0, '2020-12-22 00:40:43', 391),
(24, 308, 0, '2020-12-22 00:40:48', 392),
(25, 328, 0, '2020-12-22 00:40:55', 393),
(24, 240, 0, '2020-12-22 00:41:07', 394),
(25, 325, 0, '2020-12-22 00:41:11', 395),
(24, 29, 0, '2020-12-22 00:41:20', 396),
(25, 389, 0, '2020-12-22 00:41:26', 397),
(24, 286, 0, '2020-12-22 00:41:36', 398),
(25, 372, 0, '2020-12-22 00:41:38', 399),
(24, 81, 0, '2020-12-22 00:41:53', 400),
(24, 299, 0, '2020-12-22 00:41:57', 401),
(25, 396, 1, '2020-12-22 00:42:01', 402),
(24, 104, 0, '2020-12-22 00:42:01', 403),
(24, 341, 0, '2020-12-22 00:42:04', 404),
(24, 360, 0, '2020-12-22 00:42:12', 405),
(24, 72, 0, '2020-12-22 00:42:15', 406),
(24, 336, 0, '2020-12-22 00:42:18', 407),
(24, 280, 0, '2020-12-22 00:42:25', 408),
(24, 407, 0, '2020-12-22 00:42:28', 409),
(24, 438, 0, '2020-12-22 00:42:33', 410),
(24, 111, 0, '2020-12-22 00:42:38', 411),
(21, 42, 1, '2020-12-22 00:42:43', 412),
(25, 53, 1, '2020-12-22 00:43:01', 413),
(24, 377, 0, '2020-12-22 00:43:01', 414),
(24, 77, 0, '2020-12-22 00:43:17', 415),
(24, 165, 0, '2020-12-22 00:43:21', 416),
(21, 42, 1, '2020-12-22 00:43:24', 417),
(24, 370, 0, '2020-12-22 00:43:29', 418),
(25, 254, 1, '2020-12-22 00:43:31', 419),
(24, 386, 0, '2020-12-22 00:43:34', 420),
(26, 283, 1, '2020-12-22 00:43:35', 421),
(25, 355, 0, '2020-12-22 00:43:36', 422),
(24, 132, 0, '2020-12-22 00:43:40', 423),
(24, 326, 0, '2020-12-22 00:43:44', 424),
(24, 30, 0, '2020-12-22 00:43:47', 425),
(25, 107, 0, '2020-12-22 00:43:48', 426),
(24, 290, 0, '2020-12-22 00:43:55', 427),
(24, 5, 0, '2020-12-22 00:44:03', 428),
(27, 288, 0, '2020-12-22 00:44:29', 429),
(21, 364, 0, '2020-12-22 00:44:30', 430),
(27, 312, 0, '2020-12-22 00:45:01', 431),
(27, 164, 0, '2020-12-22 00:45:11', 432),
(27, 257, 0, '2020-12-22 00:45:16', 433),
(27, 261, 0, '2020-12-22 00:45:20', 434),
(27, 114, 0, '2020-12-22 00:45:27', 435),
(21, 72, 0, '2020-12-22 00:46:33', 436),
(24, 414, 0, '2020-12-22 00:48:04', 437),
(24, 363, 1, '2020-12-22 00:48:32', 438),
(24, 302, 0, '2020-12-22 00:48:39', 439),
(21, 264, 0, '2020-12-22 00:48:51', 440),
(23, 312, 0, '2020-12-22 00:48:54', 441),
(24, 157, 0, '2020-12-22 00:48:59', 442),
(21, 264, 0, '2020-12-22 00:49:05', 443),
(24, 105, 0, '2020-12-22 00:49:09', 444),
(24, 337, 0, '2020-12-22 00:49:12', 445),
(23, 34, 0, '2020-12-22 00:49:13', 446),
(24, 100, 1, '2020-12-22 00:49:21', 447),
(21, 264, 0, '2020-12-22 00:49:26', 448),
(24, 432, 0, '2020-12-22 00:49:30', 449),
(24, 287, 0, '2020-12-22 00:49:35', 450),
(23, 107, 0, '2020-12-22 00:49:37', 451),
(17, 307, 1, '2020-12-22 00:49:40', 452),
(17, 435, 0, '2020-12-22 00:49:53', 453),
(23, 170, 0, '2020-12-22 00:50:23', 454),
(17, 408, 0, '2020-12-22 00:50:28', 455),
(24, 238, 1, '2020-12-22 00:50:29', 456),
(24, 23, 0, '2020-12-22 00:50:33', 457),
(21, 264, 0, '2020-12-22 00:50:39', 458),
(24, 179, 0, '2020-12-22 00:50:39', 459),
(24, 241, 0, '2020-12-22 00:50:52', 460),
(24, 257, 0, '2020-12-22 00:50:55', 461),
(24, 405, 0, '2020-12-22 00:50:58', 462),
(24, 297, 0, '2020-12-22 00:51:00', 463),
(23, 339, 1, '2020-12-22 00:51:07', 464),
(24, 332, 0, '2020-12-22 00:51:16', 465),
(24, 330, 0, '2020-12-22 00:51:20', 466),
(24, 381, 0, '2020-12-22 00:51:23', 467),
(24, 215, 0, '2020-12-22 00:51:29', 468),
(23, 219, 1, '2020-12-22 00:51:32', 469),
(24, 397, 0, '2020-12-22 00:51:32', 470),
(24, 419, 0, '2020-12-22 00:51:40', 471),
(24, 389, 0, '2020-12-22 00:51:43', 472),
(24, 76, 0, '2020-12-22 00:51:46', 473),
(24, 117, 0, '2020-12-22 00:51:49', 474),
(24, 318, 0, '2020-12-22 00:51:55', 475),
(17, 263, 1, '2020-12-22 00:51:55', 476),
(24, 107, 0, '2020-12-22 00:51:59', 477),
(24, 92, 0, '2020-12-22 00:52:02', 478),
(24, 430, 0, '2020-12-22 00:52:08', 479),
(24, 6, 1, '2020-12-22 00:52:20', 480),
(24, 328, 0, '2020-12-22 00:52:22', 481),
(24, 150, 0, '2020-12-22 00:52:27', 482),
(24, 101, 0, '2020-12-22 00:52:33', 483),
(24, 320, 0, '2020-12-22 00:52:38', 484),
(24, 254, 0, '2020-12-22 00:52:43', 485),
(23, 439, 1, '2020-12-22 00:52:47', 486),
(24, 317, 0, '2020-12-22 00:52:50', 487),
(24, 275, 0, '2020-12-22 00:52:57', 488),
(24, 217, 0, '2020-12-22 00:53:00', 489),
(24, 427, 0, '2020-12-22 00:53:04', 490),
(24, 321, 0, '2020-12-22 00:53:08', 491),
(24, 338, 0, '2020-12-22 00:53:15', 492),
(24, 270, 0, '2020-12-22 00:53:26', 493),
(17, 298, 0, '2020-12-22 00:53:37', 494),
(24, 175, 0, '2020-12-22 00:54:24', 495),
(24, 295, 0, '2020-12-22 00:54:28', 496),
(24, 353, 0, '2020-12-22 00:54:32', 497),
(23, 428, 0, '2020-12-22 00:54:35', 498),
(24, 304, 0, '2020-12-22 00:54:36', 499),
(24, 33, 0, '2020-12-22 00:54:40', 500),
(24, 339, 0, '2020-12-22 00:54:46', 501),
(24, 401, 0, '2020-12-22 00:54:58', 502),
(24, 324, 0, '2020-12-22 00:55:02', 503),
(17, 353, 0, '2020-12-22 00:55:06', 504),
(24, 274, 0, '2020-12-22 00:55:15', 505),
(24, 282, 1, '2020-12-22 00:55:36', 506),
(24, 242, 0, '2020-12-22 00:55:53', 507),
(23, 407, 0, '2020-12-22 00:56:12', 508),
(17, 440, 1, '2020-12-22 00:56:18', 509),
(24, 153, 1, '2020-12-22 00:56:26', 510),
(23, 300, 0, '2020-12-22 00:56:28', 511),
(24, 421, 0, '2020-12-22 00:56:29', 512),
(24, 314, 0, '2020-12-22 00:56:34', 513),
(24, 164, 0, '2020-12-22 00:56:44', 514),
(17, 383, 1, '2020-12-22 00:57:01', 515),
(24, 388, 1, '2020-12-22 00:57:16', 516),
(23, 292, 1, '2020-12-22 00:57:29', 517),
(24, 272, 0, '2020-12-22 00:57:36', 518),
(17, 389, 0, '2020-12-22 00:57:40', 519),
(23, 60, 1, '2020-12-22 00:57:51', 520),
(21, 264, 0, '2020-12-22 00:57:55', 521),
(23, 369, 0, '2020-12-22 00:57:56', 522),
(17, 322, 0, '2020-12-22 00:57:57', 523),
(24, 61, 0, '2020-12-22 00:58:00', 524),
(24, 387, 0, '2020-12-22 00:58:06', 525),
(17, 385, 0, '2020-12-22 00:58:10', 526),
(24, 425, 0, '2020-12-22 00:58:13', 527),
(24, 34, 0, '2020-12-22 00:58:48', 528),
(23, 295, 0, '2020-12-22 00:58:55', 529),
(24, 3, 1, '2020-12-22 00:58:59', 530),
(24, 346, 0, '2020-12-22 00:59:05', 531),
(23, 325, 0, '2020-12-22 00:59:11', 532),
(24, 283, 0, '2020-12-22 00:59:13', 533),
(24, 237, 0, '2020-12-22 00:59:35', 534),
(24, 357, 0, '2020-12-22 00:59:39', 535),
(24, 380, 0, '2020-12-22 00:59:47', 536),
(23, 338, 0, '2020-12-22 00:59:49', 537),
(24, 292, 0, '2020-12-22 00:59:51', 538),
(24, 160, 1, '2020-12-22 01:00:09', 539),
(17, 396, 0, '2020-12-22 01:00:16', 540),
(23, 173, 0, '2020-12-22 01:00:17', 541),
(23, 155, 0, '2020-12-22 01:00:23', 542),
(24, 186, 0, '2020-12-22 01:00:37', 543),
(24, 248, 0, '2020-12-22 01:00:43', 544),
(17, 359, 1, '2020-12-22 01:01:09', 545),
(23, 240, 0, '2020-12-22 01:01:43', 546),
(23, 112, 0, '2020-12-22 01:01:51', 547),
(17, 310, 0, '2020-12-22 01:01:56', 548),
(24, 24, 1, '2020-12-22 01:01:56', 549),
(24, 349, 0, '2020-12-22 01:02:15', 550),
(24, 277, 0, '2020-12-22 01:02:31', 551),
(24, 114, 0, '2020-12-22 01:02:37', 552),
(23, 78, 0, '2020-12-22 01:02:56', 553),
(24, 296, 0, '2020-12-22 01:03:04', 554),
(23, 72, 0, '2020-12-22 01:03:05', 555),
(24, 400, 0, '2020-12-22 01:03:10', 556),
(24, 109, 1, '2020-12-22 01:03:22', 557),
(24, 103, 0, '2020-12-22 01:03:27', 558),
(24, 416, 0, '2020-12-22 01:03:36', 559),
(24, 322, 0, '2020-12-22 01:03:42', 560),
(23, 321, 0, '2020-12-22 01:03:44', 561),
(23, 383, 0, '2020-12-22 01:03:52', 562),
(24, 364, 0, '2020-12-22 01:04:38', 563),
(24, 173, 0, '2020-12-22 01:04:41', 564),
(24, 225, 1, '2020-12-22 01:04:49', 565),
(24, 176, 0, '2020-12-22 01:04:53', 566),
(24, 17, 0, '2020-12-22 01:04:57', 567),
(24, 347, 0, '2020-12-22 01:05:03', 568),
(23, 313, 0, '2020-12-22 01:05:04', 569),
(24, 141, 0, '2020-12-22 01:05:06', 570),
(24, 288, 0, '2020-12-22 01:05:09', 571),
(24, 40, 0, '2020-12-22 01:05:12', 572),
(17, 439, 0, '2020-12-22 01:05:15', 573),
(24, 394, 0, '2020-12-22 01:05:28', 574),
(24, 47, 0, '2020-12-22 01:05:35', 575),
(24, 42, 1, '2020-12-22 01:05:41', 576),
(24, 276, 0, '2020-12-22 01:05:45', 577),
(24, 219, 0, '2020-12-22 01:05:49', 578),
(24, 423, 0, '2020-12-22 01:05:53', 579),
(24, 439, 0, '2020-12-22 01:06:00', 580),
(24, 325, 0, '2020-12-22 01:06:06', 581),
(24, 294, 0, '2020-12-22 01:06:11', 582),
(24, 367, 0, '2020-12-22 01:06:17', 583),
(24, 396, 0, '2020-12-22 01:06:52', 584),
(17, 403, 0, '2020-12-22 01:07:01', 585),
(24, 26, 0, '2020-12-22 01:07:28', 586),
(24, 359, 0, '2020-12-22 01:07:48', 587),
(24, 372, 0, '2020-12-22 01:07:51', 588),
(24, 300, 0, '2020-12-22 01:07:55', 589),
(24, 310, 0, '2020-12-22 01:07:58', 590),
(17, 271, 1, '2020-12-22 01:08:02', 591),
(17, 378, 0, '2020-12-22 01:08:47', 592),
(17, 381, 1, '2020-12-22 01:09:28', 593),
(17, 442, 1, '2020-12-22 01:12:59', 594),
(17, 349, 0, '2020-12-22 01:14:04', 595),
(17, 446, 1, '2020-12-22 01:15:46', 596),
(21, 264, 0, '2020-12-22 01:27:09', 597),
(21, 264, 1, '2020-12-22 01:27:13', 598),
(21, 359, 0, '2020-12-22 01:27:18', 599),
(21, 283, 0, '2020-12-22 01:27:38', 600),
(21, 416, 0, '2020-12-22 01:50:03', 601),
(21, 320, 0, '2020-12-22 01:50:59', 602),
(21, 320, 1, '2020-12-22 01:51:09', 603),
(21, 60, 1, '2020-12-22 01:52:35', 604),
(21, 33, 0, '2020-12-22 01:52:38', 605),
(21, 296, 0, '2020-12-22 01:52:50', 606),
(21, 159, 0, '2020-12-22 01:52:52', 607),
(21, 215, 0, '2020-12-22 01:52:57', 608),
(21, 378, 0, '2020-12-22 01:53:31', 609),
(21, 217, 0, '2020-12-22 01:53:43', 610),
(21, 225, 0, '2020-12-22 01:53:46', 611),
(21, 100, 0, '2020-12-22 01:53:56', 612),
(21, 347, 0, '2020-12-22 01:53:59', 613),
(21, 383, 0, '2020-12-22 01:54:09', 614),
(21, 270, 0, '2020-12-22 01:54:15', 615),
(21, 76, 0, '2020-12-22 01:54:25', 616),
(21, 430, 0, '2020-12-22 01:54:31', 617),
(21, 400, 0, '2020-12-22 01:54:37', 618),
(21, 161, 0, '2020-12-22 01:54:40', 619),
(21, 47, 0, '2020-12-22 01:54:57', 620),
(21, 112, 0, '2020-12-22 01:55:00', 621),
(21, 299, 0, '2020-12-22 01:55:02', 622),
(21, 327, 0, '2020-12-22 01:55:10', 623),
(21, 325, 0, '2020-12-22 01:55:19', 624),
(21, 20, 0, '2020-12-22 01:55:46', 625),
(21, 30, 0, '2020-12-22 01:55:49', 626),
(21, 377, 0, '2020-12-22 01:55:52', 627),
(21, 271, 0, '2020-12-22 01:55:57', 628),
(21, 361, 0, '2020-12-22 01:55:59', 629),
(21, 422, 0, '2020-12-22 01:56:03', 630),
(21, 237, 0, '2020-12-22 01:56:10', 631),
(21, 237, 0, '2020-12-22 01:56:23', 632),
(21, 374, 0, '2020-12-22 01:56:28', 633),
(21, 261, 0, '2020-12-22 01:56:31', 634),
(21, 292, 0, '2020-12-22 01:56:32', 635),
(21, 15, 0, '2020-12-22 01:56:34', 636),
(21, 276, 0, '2020-12-22 01:56:39', 637),
(21, 105, 0, '2020-12-22 01:56:43', 638),
(21, 294, 0, '2020-12-22 01:56:44', 639),
(21, 332, 0, '2020-12-22 01:56:46', 640),
(21, 92, 0, '2020-12-22 01:56:51', 641),
(21, 372, 0, '2020-12-22 01:56:59', 642),
(21, 407, 0, '2020-12-22 01:57:01', 643),
(21, 407, 0, '2020-12-22 01:57:06', 644),
(21, 277, 0, '2020-12-22 01:57:45', 645),
(21, 103, 0, '2020-12-22 01:57:47', 646),
(21, 313, 0, '2020-12-22 01:57:50', 647),
(21, 405, 0, '2020-12-22 01:57:52', 648),
(21, 6, 0, '2020-12-22 01:57:56', 649),
(21, 186, 0, '2020-12-22 01:58:01', 650),
(21, 136, 0, '2020-12-22 01:58:05', 651),
(21, 23, 0, '2020-12-22 01:58:07', 652),
(21, 419, 0, '2020-12-22 01:58:09', 653),
(21, 240, 0, '2020-12-22 01:58:11', 654),
(21, 274, 0, '2020-12-22 01:58:16', 655),
(21, 308, 0, '2020-12-22 01:58:18', 656),
(21, 330, 0, '2020-12-22 01:58:19', 657),
(21, 401, 0, '2020-12-22 01:58:21', 658),
(21, 398, 0, '2020-12-22 02:06:14', 659),
(21, 266, 0, '2020-12-22 02:06:16', 660),
(21, 213, 0, '2020-12-22 02:06:24', 661),
(21, 297, 0, '2020-12-22 02:06:26', 662),
(21, 164, 0, '2020-12-22 02:06:27', 663),
(21, 355, 0, '2020-12-22 02:06:32', 664),
(21, 227, 0, '2020-12-22 02:06:39', 665),
(21, 19, 0, '2020-12-22 02:06:40', 666),
(21, 367, 0, '2020-12-22 02:06:48', 667),
(21, 107, 0, '2020-12-22 02:07:39', 668),
(21, 324, 0, '2020-12-22 02:07:41', 669),
(21, 3, 0, '2020-12-22 02:07:50', 670),
(21, 254, 0, '2020-12-22 02:07:51', 671),
(21, 346, 0, '2020-12-22 02:07:52', 672),
(21, 70, 0, '2020-12-22 02:07:54', 673),
(21, 173, 0, '2020-12-22 02:07:57', 674),
(21, 104, 0, '2020-12-22 02:08:00', 675),
(21, 397, 0, '2020-12-22 02:08:03', 676),
(21, 360, 0, '2020-12-22 02:08:07', 677),
(21, 162, 0, '2020-12-22 02:08:51', 678),
(21, 314, 0, '2020-12-22 02:08:53', 679),
(21, 131, 0, '2020-12-22 02:08:55', 680),
(21, 179, 0, '2020-12-22 02:08:59', 681),
(21, 413, 0, '2020-12-22 02:09:02', 682),
(21, 101, 0, '2020-12-22 02:09:27', 683),
(21, 250, 0, '2020-12-22 02:09:34', 684),
(21, 341, 0, '2020-12-22 02:09:58', 685),
(21, 389, 0, '2020-12-22 02:10:01', 686),
(21, 386, 0, '2020-12-22 02:10:03', 687),
(21, 153, 0, '2020-12-22 02:10:12', 688),
(21, 318, 0, '2020-12-22 02:10:14', 689),
(21, 425, 0, '2020-12-22 02:10:15', 690),
(21, 182, 0, '2020-12-22 02:10:17', 691),
(21, 78, 0, '2020-12-22 02:10:20', 692),
(21, 302, 0, '2020-12-22 02:10:22', 693),
(21, 387, 0, '2020-12-22 02:10:44', 694),
(21, 5, 0, '2020-12-22 02:11:03', 695),
(21, 388, 0, '2020-12-22 02:12:15', 696),
(21, 71, 0, '2020-12-22 02:19:18', 697),
(21, 257, 0, '2020-12-22 02:19:44', 698),
(21, 304, 0, '2020-12-22 02:20:10', 699),
(21, 429, 0, '2020-12-22 02:20:20', 700),
(21, 326, 0, '2020-12-22 02:21:12', 701),
(21, 81, 0, '2020-12-22 02:21:23', 702),
(21, 150, 0, '2020-12-22 02:21:48', 703),
(21, 394, 0, '2020-12-22 02:22:08', 704),
(21, 306, 0, '2020-12-22 02:26:52', 705),
(21, 337, 0, '2020-12-22 02:28:03', 706),
(21, 337, 0, '2020-12-22 02:28:37', 707),
(21, 176, 0, '2020-12-22 02:28:41', 708),
(21, 176, 1, '2020-12-22 02:28:59', 709),
(21, 427, 0, '2020-12-22 02:29:55', 710),
(21, 307, 0, '2020-12-22 02:33:22', 711),
(21, 242, 0, '2020-12-22 02:33:48', 712),
(21, 395, 0, '2020-12-22 02:33:50', 713),
(21, 11, 0, '2020-12-22 02:33:55', 714),
(21, 46, 0, '2020-12-22 02:33:57', 715),
(21, 432, 0, '2020-12-22 02:33:58', 716),
(21, 109, 0, '2020-12-22 02:33:59', 717),
(21, 34, 0, '2020-12-22 02:34:00', 718),
(21, 438, 0, '2020-12-22 02:34:01', 719),
(21, 155, 0, '2020-12-22 02:34:10', 720),
(21, 446, 0, '2020-12-22 02:34:11', 721),
(21, 287, 0, '2020-12-22 02:34:13', 722),
(21, 408, 0, '2020-12-22 02:34:36', 723),
(21, 290, 0, '2020-12-22 02:34:48', 724),
(21, 439, 0, '2020-12-22 02:34:53', 725),
(21, 29, 0, '2020-12-22 02:34:55', 726),
(21, 272, 0, '2020-12-22 02:34:56', 727),
(21, 291, 0, '2020-12-22 02:34:57', 728),
(21, 141, 0, '2020-12-22 02:35:25', 729),
(21, 282, 0, '2020-12-22 02:35:26', 730),
(21, 288, 0, '2020-12-22 02:35:26', 731),
(21, 241, 0, '2020-12-22 02:36:07', 732),
(21, 114, 0, '2020-12-22 02:36:08', 733),
(21, 280, 0, '2020-12-22 02:36:09', 734),
(21, 310, 0, '2020-12-22 02:36:11', 735),
(21, 328, 0, '2020-12-22 02:36:12', 736),
(21, 219, 0, '2020-12-22 02:36:13', 737),
(21, 323, 0, '2020-12-22 02:36:14', 738),
(21, 170, 0, '2020-12-22 02:36:15', 739),
(21, 403, 0, '2020-12-22 02:36:34', 740),
(21, 322, 0, '2020-12-22 02:36:41', 741),
(21, 160, 0, '2020-12-22 02:37:24', 742),
(21, 59, 0, '2020-12-22 02:37:30', 743),
(21, 175, 0, '2020-12-22 02:37:35', 744),
(21, 421, 0, '2020-12-22 02:37:36', 745),
(21, 380, 0, '2020-12-22 02:37:49', 746),
(21, 275, 0, '2020-12-22 02:38:03', 747),
(21, 111, 0, '2020-12-22 02:38:10', 748),
(21, 111, 1, '2020-12-22 02:38:21', 749),
(21, 117, 0, '2020-12-22 02:38:29', 750),
(21, 317, 0, '2020-12-22 02:38:32', 751),
(21, 305, 0, '2020-12-22 02:38:39', 752),
(21, 61, 0, '2020-12-22 02:38:42', 753),
(21, 423, 0, '2020-12-22 02:38:44', 754),
(21, 238, 0, '2020-12-22 02:38:47', 755),
(21, 363, 0, '2020-12-22 02:38:55', 756),
(21, 165, 0, '2020-12-22 02:39:01', 757),
(21, 436, 0, '2020-12-22 02:39:04', 758),
(21, 24, 0, '2020-12-22 02:39:07', 759),
(21, 382, 0, '2020-12-22 02:39:09', 760),
(21, 300, 0, '2020-12-22 02:39:15', 761),
(21, 53, 0, '2020-12-22 02:39:17', 762),
(21, 53, 1, '2020-12-22 02:39:42', 763),
(21, 151, 0, '2020-12-22 02:39:46', 764),
(21, 295, 0, '2020-12-22 02:40:03', 765),
(21, 396, 0, '2020-12-22 02:40:37', 766),
(21, 339, 0, '2020-12-22 02:40:38', 767),
(21, 17, 0, '2020-12-22 02:40:43', 768),
(21, 17, 1, '2020-12-22 02:40:57', 769),
(21, 210, 1, '2020-12-22 02:41:11', 770),
(21, 0, 0, '2020-12-22 02:41:59', 771),
(28, 272, 0, '2020-12-22 02:42:57', 772),
(28, 114, 0, '2020-12-22 02:43:12', 773),
(28, 326, 0, '2020-12-22 02:43:22', 774),
(28, 341, 0, '2020-12-22 02:44:00', 775),
(28, 419, 0, '2020-12-22 02:44:06', 776),
(28, 274, 0, '2020-12-22 02:44:08', 777),
(28, 141, 0, '2020-12-22 02:44:09', 778),
(28, 306, 0, '2020-12-22 02:44:10', 779),
(28, 377, 0, '2020-12-22 02:44:13', 780),
(28, 275, 0, '2020-12-22 02:44:18', 781),
(28, 173, 0, '2020-12-22 02:44:20', 782),
(28, 176, 0, '2020-12-22 02:44:21', 783),
(28, 254, 0, '2020-12-22 02:44:28', 784),
(28, 323, 0, '2020-12-22 02:44:30', 785),
(28, 297, 0, '2020-12-22 02:44:34', 786),
(28, 155, 0, '2020-12-22 02:45:33', 787),
(21, 0, 0, '2020-12-22 02:53:15', 788),
(28, 111, 0, '2020-12-22 02:56:40', 789),
(28, 389, 0, '2020-12-22 02:56:42', 790),
(28, 20, 0, '2020-12-22 02:56:44', 791),
(28, 291, 0, '2020-12-22 02:56:44', 792),
(28, 446, 0, '2020-12-22 02:56:46', 793),
(28, 240, 0, '2020-12-22 02:56:47', 794),
(28, 307, 0, '2020-12-22 02:57:03', 795),
(28, 215, 0, '2020-12-22 02:58:26', 796),
(28, 112, 0, '2020-12-22 03:00:11', 797),
(28, 71, 0, '2020-12-22 03:01:17', 798),
(28, 422, 0, '2020-12-22 03:01:22', 799);

-- --------------------------------------------------------

--
-- Tabellenstruktur für Tabelle `4movies1word_users`
--

CREATE TABLE `4movies1word_users` (
  `id` int(11) NOT NULL,
  `name` text NOT NULL,
  `pass` text NOT NULL
) ENGINE=InnoDB DEFAULT CHARSET=utf8;

--
-- Daten für Tabelle `4movies1word_users`
--

INSERT INTO `4movies1word_users` (`id`, `name`, `pass`) VALUES
(12, 'Flo', '1234'),
(14, 'Flo', '1234'),
(15, 'Baul', '1234'),
(16, 'Cyril', '1234'),
(17, 'recordo', '12345'),
(18, 'Domi', '123'),
(19, '', ''),
(21, 'Domi3', '3bafbf08882a2d10133093a1b8433f50563b93c14acd05b79028eb1d12799027241450980651994501423a66c276ae26c43b739bc65c4e16b10c3af6c202aebb'),
(22, 'recordo1', '3627909a29c31381a071ec27f7c9ca97726182aed29a7ddd2e54353322cfb30abb9e3a6df2ac2c20fe23436311d678564d0c8d305930575f60e2d3d048184d79'),
(23, 'Baul1', 'd404559f602eab6fd602ac7680dacbfaadd13630335e951f097af3900e9de176b6db28512f2e000b9d04fba5133e8b1c6e8df59db3a8ab9d60be4b97cc9e81db'),
(24, 'ausnika', 'd404559f602eab6fd602ac7680dacbfaadd13630335e951f097af3900e9de176b6db28512f2e000b9d04fba5133e8b1c6e8df59db3a8ab9d60be4b97cc9e81db'),
(25, '?', 'ca63c07ad35d8c9fb0c92d6146759b122d4ec5d3f67ebe2f30ddb69f9e6c9fd3bf31a5e408b08f1d4d9cd68120cced9e57f010bef3cde97653fed5470da7d1a0'),
(26, 'Boss ', 'd404559f602eab6fd602ac7680dacbfaadd13630335e951f097af3900e9de176b6db28512f2e000b9d04fba5133e8b1c6e8df59db3a8ab9d60be4b97cc9e81db'),
(27, 'Jonas', 'cf83e1357eefb8bdf1542850d66d8007d620e4050b5715dc83f4a921d36ce9ce47d0d13c5d85f2b0ff8318d2877eec2f63b931bd47417a81a538327af927da3e'),
(28, 'Vier', 'a321d8b405e3ef2604959847b36d171eebebc4a8941dc70a4784935a4fca5d5813de84dfa049f06549aa61b20848c1633ce81b675286ea8fb53db240d831c568');

--
-- Indizes der exportierten Tabellen
--

--
-- Indizes für die Tabelle `4movies1word_movies`
--
ALTER TABLE `4movies1word_movies`
  ADD PRIMARY KEY (`id`);

--
-- Indizes für die Tabelle `4movies1word_rounds`
--
ALTER TABLE `4movies1word_rounds`
  ADD PRIMARY KEY (`id`);

--
-- Indizes für die Tabelle `4movies1word_users`
--
ALTER TABLE `4movies1word_users`
  ADD PRIMARY KEY (`id`);

--
-- AUTO_INCREMENT für exportierte Tabellen
--

--
-- AUTO_INCREMENT für Tabelle `4movies1word_movies`
--
ALTER TABLE `4movies1word_movies`
  MODIFY `id` int(11) NOT NULL AUTO_INCREMENT, AUTO_INCREMENT=449;

--
-- AUTO_INCREMENT für Tabelle `4movies1word_rounds`
--
ALTER TABLE `4movies1word_rounds`
  MODIFY `id` int(11) NOT NULL AUTO_INCREMENT, AUTO_INCREMENT=800;

--
-- AUTO_INCREMENT für Tabelle `4movies1word_users`
--
ALTER TABLE `4movies1word_users`
  MODIFY `id` int(11) NOT NULL AUTO_INCREMENT, AUTO_INCREMENT=29;
COMMIT;

/*!40101 SET CHARACTER_SET_CLIENT=@OLD_CHARACTER_SET_CLIENT */;
/*!40101 SET CHARACTER_SET_RESULTS=@OLD_CHARACTER_SET_RESULTS */;
/*!40101 SET COLLATION_CONNECTION=@OLD_COLLATION_CONNECTION */;
